nr,zh,auth,span
"记得小学一年级老师让自己刻一把小木剑，结果我爸给我做了一把和一样高的，还连夜雕刻了，你能想象到我背着一把类似屠龙刀去上学，结果那天我迟到了，正赶上升旗仪式，全校都看到了那样拉风的我。,来奥来",念Winter,,
"包工头讨薪未果，开Q5撞飞大老板，觉得撞的对的点赞,纳夙116",不负光影不负卿,,
"你们有没有跟这样的人合租过，在你租的房子白住白用了一个月连瓶2元矿泉水都不舍得买给你喝，～～你工资被延发，叫他先帮你顶一个月租，但是他不出他却在别人面前说叫他一个人出房租，过500马上赶他走,随遇而安宁",o七o,,
"媳妇在厕所发来消息：老公，我错了，刚刚我们大吵了一架，我还动手打了你，我知道是我的不对，但是我希望你秉承着 八 路 军 优待 俘 虏 的 政 策，帮我送点纸！,李倾慕",饮最烈的酒、艹最爱的人,,
"因为工作需要，在微信上加了一个朋友，出于礼貌我发了一句:“你好，认识你很高兴。”然后对方直接回了句:“你好，有多高兴？”,拉粑粑去吗？",盛世花期,,
说说你拿成绩的后果…,不爽狗,,
一直潜水没发，发一个听来的.接孩子放学，听俩妇女在说，一个婆婆怀孕了，但她没想好留不留，就问儿媳妇：“你还生不生二胎？”儿媳妇说：“不生，要生你去生.”婆婆说：“真的？那我就生啦.”媳妇说：“那你生呗.”然后婆婆就把化验单子放她面前：“我怀孕了.” 媳妇....,苏苏1987,,
"大三的时候，有次上体育课偷偷溜走，跑回宿舍打开电脑看岛国片撸，完事的时候，突然听到舍友的女朋友躺在上铺说了句:不洗洗吗？很脏的！,千番",饮最烈的酒、艹最爱的人,,
"老婆出差回来，当晚我迫不及待的想和她啪啪，老婆有些累，她问我:“老公，有个问题，你能帮我解答一下吗，回答对了就满足你！”,我:“你问吧”,老婆:“你说，吃草的羊为什么被狼吃掉，,吃草的鹿为什么会被豹子吃掉？”,我:“因为这是弱肉强食！”,老婆:“呸，因为羊和鹿就知道草，早晚得玩完！”,怎样的昵称才不会重复",曾经的兵哥哥。,,
"我朋友相亲。（两个媒婆）媒婆A上午给相一个，感觉还不错，相互留了号码准备了解一下。然后媒婆B下午又喊他去相亲。他就想去看看，要是比上午那个好就更好了，一去看，竟然还是上午那个女的！然后那个女的把他删除了。。,金水一小哥",青春远走,,
就在刚刚，买了点吃的，顺便买了一瓶啤酒喝一下，一直以来都是用牙去咬开瓶盖，结果今天......刚咬开一点，尼玛的啤酒瓶里面哪里来的那么多气，一下子就喷出来了，悲催的是我还把瓶口含在嘴里，瞬间啤酒就从鼻孔出来了让我静静,"Boy\\""",,
"告诉大伙一个秘密：前期开发APP的时候，总有各式各样的程序问题。为了让用户不发现是程序的问题，所以程序员一般都会把所有出现问题的提示都改为……你的网络有问题！,笨龙机",來壹個82年的あ亼,,
"说说有人发了条动态:用眼过度，酸累肿胀，好难受！,好多朋友纷纷留言多休息闭目养神之类，关键是怎么有个二货问“哪个眼？”,醉酒舞剑砍疯子※",【星空】小静,,
"够五个字了,恋上夏日风",廘仔,,
"骗子：您好，我是银行客服，您的银行卡在印度消费了五万元，是吗？,我：是的。,骗子：我们要核实您的消费情况。,我：我花五万元买印度神油。,骗子：您做保健品生意的。,我：不是，我买印度神油炸油条用的。",青冥℡,,
"隔壁有对兄妹，哥哥七岁，妹妹两岁半，经常看到哥哥拿着个碗在妹妹身后追着喂饭。,今天喂着喂着，妹妹又耍赖不吃，哥哥生气了：张凌菲！你再不吃饭我就不做你哥哥了！,妹妹马上眼泪汪汪的：哥哥，我只是不想吃太胖嫁给那个小胖子！你别不要菲菲……55555,胖香",缺根萝卜,,
"老婆拿着一张一百元，翻来覆去的在看，我就问：看啥呢？老婆说：这张钱越看越不对，好像是假的，你拿一张我比比看。我就从钱包掏出一张给她，然后我的钱就这样没了！,城里套路深，我要回农村！,你个骗子！我的零花钱哪！！！！",尘烟浮云,,
"下班后在家和厨艺不错的男票学煮鱼，由于怕掌握不好火候，煮了一小会我就问男票:可以了吗？,男票答道:你从1数到100就可以了！,我:1…2…3…4…5…………,男票:翻过来，再数！,我:100…99…98…97…96……,男票:我让你把鱼翻过来再数！",月光下的依恋,,
"家里亲戚最近介绍几个女孩，都是让在微信上先聊聊，经过几次失败后，我终于有经验多了，那就是：如果长的丑，那就尽量过几天再发照片，那样你们还能愉快的多聊几天。。。。,一夜秋雨满城凉",家福装饰不装饰,,
跟儿子在卧室谈判，媳妇旁观。谈到激烈的时候儿子让他妈妈帮他！我美美的说到，那是我媳妇，她会帮我的！儿子斜了我一眼，我俩有血缘关系！你俩不过是男女关系！我妈帮我的！我一口老血喷到床上！！！,小媳妇我想你,,
前段时间遇到个死变态老头，在公园看我过来就停下来对着我傻笑，我低头快走，你猜怎么着，我经过他身边后，他就贴了上来和我并排走，他那臭手还随着步子一下一下的碰我屁股呢……大爷，眼神不好吧，我可是一小伙子啊。,头痛帝,,
今天我爸说让我给他充一百块钱话费，他说给钱给我让我给他充，我说不用我直接手机上给他充，没想到我爸还客气了起来，说要给我钱，然而我真的就在那等着，我爸就在那掏了好久说了一句：你不会真的以为我要给钱给你吧。,博之天蝎,,
"小的时候吃饭老是端不稳饭碗，经常被我打碎，以至于家里面几乎没有一个碗是完整的了。,再这样下去家里怕连吃饭的碗都没有了，于是老妈一狠心，花”重金”请镇里的铁匠给我打了一个铁腕。,后来村里面就经常有人夸我：XXX真有出息，小小年纪就端上了“铁饭碗”。,【星空】棒棒",昨日星光,,
小时候端菜烫到手了就收手把碟子摔了。大了再烫手，也忍着不会放手。这就是成长。 因为皮越来越厚了。。。,饮最烈的酒、艹最爱的人,,
"如果平常不催著你吃維生素的媳婦，突然间端水送药的，不要怀疑她做了错事，可能只是药过期了。,不要頂的太高，老公看到會讓我戒欲…",媚猫咪,,
"商场，老婆看中一款包包，老公不让买，老婆娇道：“买吧，买了晚上你想让我干嘛就干嘛！”,老公一听，毫不犹豫买下，老婆高兴道：“谢谢老公，晚上你想我干吗，我绝不推脱。”,老公：“晚上你把这包送给我妈吧，正好她今天生日。”,老婆：“... ...",青冥℡,,
"丢身份证我想好多人都有过，可是因为丢身份证，导至男朋友丢掉的你们有吗?……捡我身份证的，你捡就捡吗，丢垃圾桶我都不怪你，可是你拿着去开 房是几个意思，我也不怪你了，可是你开 房让我那当警 察的未来公公查到了，这尼玛就玩大发了，现在单身的我，很想找你出来陪我好好谈谈人生！,【星空】棒棒",幸福撞了墙,,
"尴尬了！！！家里安排去相亲，提前到了地方，看见朋友聚会认识的妹子朝我走过来，有些意外惊讶，妹子“居然是你啊！”我“呵呵！缘分啊！”，俩人聊的正开心，隔壁桌的哥们不淡定了，看看手机，冲妹子喊“美女！是咱俩相亲，咱俩相亲！”,。。。。。。。,醉酒舞剑砍疯子※",睡觉撞墙卡跟头,,
"前不久我疯狂迷上了穿越火线，每天缠着老公一起打游戏，没几天老公就劝我赶紧放弃吧～～,他慢悠悠的说，“对一个 路痴 来说，难度最大的不是打怪，而是你总 迷路，你窜来窜去 原地兜圈圈...你要不换个 连连看 玩吧...”,我...,一双隐形的翅膀",一双隐形的翅膀,,
总有人说我你长那么漂亮怎么可能会被甩呢？一定是你有问题！割一割！我就想说：张雨绮漂亮吧？马伊琍漂亮吧？杨幂漂亮吧？佟丽娅漂亮吧？她们老公不都出轨了么！,这个女人－,,
"我从小时间概念就很强。上小学时不爱读书，经常迟到。为此被老师叫到办公室里罚站。每过10分钟我就问老师：“到点了吗？”老师总是说：“不到！”最后一次我提醒老师：“已经站了一个小时了！”老师看看手表，惊奇的反问：“你是怎么知道的？”我只是说腿站酸了。没告诉她我的脉搏每分钟跳动70次，我心里一共数了4200次！……,胖香",<糗犯监狱>～阿木,,
"去我哥们家串门，从来不叫他直接进屋，今天我去，一进门，他老婆什么都没穿，让我全看见了，重要的是，那几秒钟我还愣住了，直到她说你还看，我才反应过来，如果这让我哥们知道了，会怎么样？她会告诉我哥们么？,冰海寒轩",郅佳,,
"老婆托着自己的胸说：“确实有点小，要不擦点丰乳霜吧？怎么样？”老公考虑了半天，说：“唉，还是算了吧，我怕你的胸没大，我的嘴唇却肿了，到时候怎么办？”,腾龙神管",好看的大片子,,
"当马云报出帮美国增加100万的工作岗位的时候。特朗普彻底软了，软到崩溃。他明白，对面的小个子比他还能吹！如果再不向中国妥协，4年后，中国会派这个小个子来美国竞选总统。这个典故就叫“一马平川”,罂粟—大表哥",保飞,,
这个够我笑到过年了哈哈哈,來壹個82年的あ亼,,
"今天一二货同事因为一点工作上的事被我们女领导当着全办公室人骂你就是一头驴！那货华丽丽的说了一句话说呵呵，其实我也没那么大。顿时全办公室的人安静三秒然后爆笑。,维波蚁族",好看的大片子,,
"前两天期末考试总复习，我让学生做往年期末真题试卷，并引导学生“做题的时候首先要想想 出题者 的意图，他 想让你做什么…”,一个成绩不太好的男生低低的说接了句“他想让我 死”...,我当时...一口老血差点喷出来。。,一双隐形的翅膀",一双隐形的翅膀,,
我伙计是个买驴肉的，有天我去他摊上玩。我问他你这是真驴肉吗，他没说话只是用他大粗手把牌子上的驴肉二字的户字旁给遮起来了,紅鯉魚綠鯉魚與驢,,
我想我也是这样的，但我却是个男孩子,、请许我一世单纯,,
"不是搞笑的…刚买腾讯看到，外卖小哥因为送餐要超时了急的哭。就想起了，好多人因为外卖来晚了，堵在门口不接外卖在那里骂。外卖小哥一再说下雨堵车什么，可还是有人把外卖扔在了地上。我想说的是请对他们好一点。他们真的是在你都觉得天热不想出门，下雨不想出门，有事不想出门，天冷不想出门的时候送饭的人。虽然你花钱买服务了，但如果如果送晚了你埋怨几句都可以，请别那样骂人，打人了。今天看的那个视频真的好心酸。想想那些扫地阿姨，环卫工人，快递哥，外卖哥等…越来越有钱，越来越觉得生活真的方便了的同时，真的有好多人什么都...,查看全文,想想爱笑笑",瓜兮兮唻~,,
上高中那会，初中部和高中部在一个校区，我班一女同学姓初，父母为了秀恩爱，给她起名初依吕，这妹子喜欢文学，在报社投稿，被选中了，课间操上，政教主任“解散后，初依吕同学留下，到政教处领取稿费”结果，初一女生全部留下来了！！,睡觉撞墙卡跟头,,
同学月月现在离婚了，就去找大师问姻缘。她问大师：我的真爱何时才能到来？大师回答：不出意外还会三年。她又问：要是有意外呢？大师回答：有意外你这辈子就完了，这辈子就完了。,嘻哈的汉子,,
朋友养了只哈士奇，有次在他家玩，拿了个鸡腿逗它，逗来逗去就是不给它吃，结果把那货逗生气了。。缩在床下面嗷嗷叫，怎么叫都不出来。。最后把鸡腿放到它嘴边，它一路嗷嗷叫着，一路爬了出来！！我的天！！心机狗！！,呀呀的土豆,,
"家乡有条小溪，冬天滑冰夏天可摸鱼虾。有次我与哥哥去摸鱼，他把裤腿卷起，摸到什么都往裤 裆塞。,摸有一会他叫着跑上岸，我紧跟着过去一看，一个小龙虾挂在他蛋 蛋上！我扯下小龙虾看了看说:“应该不会那么痛吧！这只小龙虾跟本就没有大夹子。。。,听哥哥还在叫转身一看，小龙虾的一对大夹子在他蛋 蛋上！！",独自一个人的故事,,
"儿子不爱睡觉，一天到晚的闹腾。,昨晚还是这样，我气急之下照着屁股就是两巴掌，哭了几分钟就自己睡着了。,闺女在一边幸灾乐祸啊：“该！敬酒不吃吃罚酒……”,其实啊，闺女，你小时候就是这么过来的，经验是在你身上总结出来的……",包子＊小狗不理我,,
爸妈吵架，老妈一怒之下离家出走。期间老爸各种电话、短信安慰道歉。老妈都不理他。我给老妈打电话就说了三个字，老妈立马就回家了。老爸一个劲儿问我说了啥这么管用。我无奈说道，承认吧，老爸，你已经失宠了，我只是给我妈说我饿了。。。,我不是个稻草人。,,
"今天在公交车上，不小心踩了一个娘炮的脚。,我第一时间说了对不起，可他不依不饶叽叽歪歪的，说我没素质。,给我气的说:咋滴？想讹人啊？去派出所.,他眼泪汪汪的回:你不是人，连老爷们都欺负……",画上青衣う墨染,,
专心剥核桃吃，我妈坐我旁边说要和我比赛，看谁剝的多，输的人洗碗！然后我们就开始了限时十分钟的剥核桃比赛，我拼命的剥呀剥呀，等时间结束，我妈突然一把抓起她剥好的核桃仁和我剥好的核桃仁塞进嘴里，其实我当时并没有生气，但让我比较生气的是，她居然因为不想洗碗今天中午不给我做饭！,失足大爷翠花,,
至少五个字！,倭鍾噫尼,,
所以因此发现媳妇儿给你戴绿帽的事实么？,请尊称我为补刀侠,,
非要五个字？？,薄荷ぺ不凉,,
上夜班，饭点到，煮好饭菜的爷爷叫我三岁的儿子叫我起床，“爸爸，起床吃饭啦”“拉我一把呗”，期间各种赖皮起不来，这时儿子白了我一眼“你怎么像女人一样啊”说完潇洒的走了，临走那眼神怎么有点像看白痴一样。。。。,,,
和一个关系很好的异性朋友逛街，选了好久终于选中了一套我特喜欢的睡衣。然后拿着问他的意见，他看了一下，沉默了几秒钟说:这是我姥姥会喜欢的款，她现在穿的就是这样的！我。。。。。,.绾发,,
"家里大扫除,先跟爸妈收拾他们的房间,然后客厅、厨房、卫生间。打扫完了后才想到我狗窝（床）底下有很多纸巾……正当我惊慌失措时他们说:儿砸！收拾一下你的房间吧！我说我房间那么小就不劳你们费心了……话还没说完……我爸一手指着那些纸巾一手拍着我的脑壳说:老  子一礼拜给你三百块钱是干什么的！干什么的！！！,醉酒舞剑砍疯子※",落叶随风、,,
"来个2017我家的温情一刻,跨越了94年，实现了五代同堂，愿时光静好。",可以在一起吗,,
看了好多讲坐车睡觉的，我也来一个；真事，本人亲历。夏天，一次坐早上第一班公交始发站，车上人少，一大哥坐第三排睡着啦而且打呼噜，这不是GC，GC是这大哥居然慢慢侧着倒下了，屁股坐在过道右边头却枕在左边座位上，就这姿势保持了四十多分钟，后来上车的想过去却怎么也叫不醒，男乘客还好直接跨过去，后来上来几个漂亮妹子，也犹犹豫豫跨了，好在大哥是一直呼噜声不断，没人多想；司机师傅笑了一路。表达不好，见谅！,布道18,,
"小时候，总感觉父母看我的眼神怪怪的。有天晚上路过爸妈房间，听见我妈跟我爸说：也不知道这孩子（我）是不是脑壳有问题，每天穿袜子总是用嘴对着袜子吹起来再穿。,幸福撞了墙",香思、乐天,,
记得去参加一个朋友婚礼，吃饭的时候新郎的几个伙计喝多了开始在那里聊天。其中一个说：唉！这年头，包**（新郎名字）没钱，长的又不帅都有老婆了，这个女的图他什么，另一个伙计抽了一口烟淡淡的说：或许图个吊吧,。要啥自行车,,
单位组织英语培训。听了半节课回来，跟同事讨论培训怎么样。我说：“我有的能听懂，有的听不懂。”同事说：“那你还行了。”我接着说：“老师说汉语的时候我能听懂，老师讲英语的时候我听不懂。”,博之天蝎,,
"还没期末考试，大儿子班里“三好学生”奖状已经发完了。儿子站起来问老师:为什么我同桌有奖状而我没有?,老师说:因为他比你学习好!,儿子不服:还没考试呢!你怎么知道他比我学习好?,老师说:期中考试他比你考得分高!,儿子针锋相对:期中考试过去老长时间了，人的学习成绩会变的!,老师说:现在我就出题，专考你们俩怎么样?,儿子顿时泄了气:那算了!奖状我主动放弃了!",向阳河,,
今晚很无聊的看了一下新的 射雕英雄传 当丘処机出来的时候我和媳妇都在想这人叫什么来着，后来我突然想起来了就说是丘処机吧，媳妇这时转过头恍然大悟的说‘’对，丘处JB‘’！。。。岁月啊，还我那个单纯的媳妇吧！！！！,薄荷ぺ不凉,,
太丢人了，怎么喝的啊。以后怎么说都不和你一起喝酒。,忢妹,,
我有一朋友特喜欢鬼故事，我就问他你自己听鬼故事不害怕吗，他说不害怕啊，自己大晚上挺孤单的，听听鬼故事，感觉房间里人还多点,o小夫子o,,
群里来了个新人 是个外科大夫，平时一个特别扣的男人说 找你割包P能打折吗？医生说:咋的  立领的想改翻领的阿？ 我淡定的说了一句:你给他整个V领的   钱我出了～,林、妹、妹,,
我老婆公司年会跳舞，练习了半个月了还是不怎么会，于是就出现了这个图，别顶太高我怕挨揍,少年已不年少°,,
我就佩服这淡定的司机，拍照还摆POSS,去疯去浪嗨皮,,
"最近体重飙升，媳妇买了个电子磅,让饭前饭后都过一下称，好控制食量,派闺女监督。,为了多吃点，饭前穿上大棉祆称重,吃饭后脱掉棉袄再称重。,闺女看着称上的199 迷糊了，:  这刚才还200多，吃完饭咋还少了？,奶爸2014",流浪的猫*,,
想起小时候学校组织春游， 别的同学带的都是零食饮料，而我奶奶直接给我装的一袋子的馒头外加一瓶白开水，当别人坐在一起交换着零食说真好吃的时候，我在旁边一边啃着馒头一边喝白开水，话说差点没噎着。。。,淑女的女汉纸,,
闺密跟我说：“要温柔，要萌萌哒，才有男孩子喜欢，就像我这样。”说着朝我做了一个萌萌哒的表情，就在这时一个空瓶砸在了她身上，闺蜜转过头：“我艹，你没长眼睛啊。”……,南宫桃宝,,
"带四岁侄子坐公交，前面是一光头大叔。侄子悄悄说：姑姑，我好想摸摸光头。,我也小声说：不能摸，小心别人打你。,这二货马上重重的揉了一下大叔的头。,然后我就想把这臭小子扔了！特么我刚要道歉，他看见大叔只是回头望了一眼没说话，立马大声说：姑姑，我安全！你可以摸了……可以摸了……,【星空】小燕飞",【星空】弯月,,
长的成熟还真是挺闹心！十五岁时吃酒席一不认识的老太和我同桌聊天问:妹子，你二十几了呀？我:我十五岁！老太可能听力不好继续说:哦！二十五了呀！结婚了没？孩子多大了？我汗颜大声说:我十五岁还未满！顿时老太一脸不相信的看着我！诶～,,,
急性阑尾炎住院一会天亮就手术 却怎么也睡不着 什么时候天亮啊 阑尾部分疼得睡不着 听着病友的呼噜声盼着天亮,为人不识陈近南,,
人这一辈子没有一场刻骨铭心的恋爱是不完整的,Sccc、,,
小时候老想着吃………………有一天吃饭的时候我爸跟我说明天要刮大风，我听后立即两眼放光：真的吗，那岂不是树上的黄梨能被吹下好多，然后饭也不吃了去找袋子去了,拖拉机九十六,,
还是喝酒的事，几个同事喝酒，其中一个喝多了，然后扶他回宿舍，他躺床上了，拿起手机说：你看我没喝多，这是我手机，这是我床，我还能打游戏，紧接着就看到手机砸他脸上了，他居然没反应，开始打呼噜了！,冠杰龙天,,
昨天晚上媳妇吃了两碗饭，吃完了拍着肚子跟我抱怨又吃撑了，怪我不提醒她少吃点，今天晚饭媳妇吃完一碗刚要去添饭，我就说你都吃了一碗了，结果媳妇一瞪眼，说我嫌弃她，气的又吃了两碗。,王妞妞滑,,
宝贝六岁刚刚在吃苹果，我就好奇的问了一句为什么捂着脸吃，她眼泪一下子就落了下来特别委屈的告诉我她牙疼，一边流泪一边接着咬了一口,失落河畔,,
"周末，单位组织到动物园游玩，我自然是乐意参加。,到了动物园，看到了大海龟，我激动地跟经理说:“经理，乌龟，经理是乌龟！”",青冥℡,,
您的快递已经藏着瓶子后面了，请您放心。,颜卿卿,,
上学期吃辣太多长了不少痘痘，才回家老爸看到我说的没：“让你不挂蚊帐，看吧，一脸包，活该。”我该如何跟你解释这是青春痘啊。,南宫桃宝,,
"开车啦……污污污……,狗蛋：姐，买车啦！挺虎气的哈这车！,姐：那必须的！老公送的！为这辆车，姐嘴皮子都磨破了！,狗蛋：说啥了？,姐：啊？说什么？没说啊！,狗蛋：……",【大东】,,
记得我第一次做飞机的时候，为了掩饰没有做过飞机，看见空姐推着用餐我想吃但又不好意思问多钱，就随手给了一百块。她忙说:“先生这是免费的不用钱”我说:“我知道这是给你的小费”她笑着对我说谢谢，我却心疼的在滴血！,饮最烈的酒、艹最爱的人,,
就刚刚热乎乎的，不割！！！下班晚了肚子有点饿，在公司不远的店子吃最爱的螺蛳粉，上来才刚吃的正爽呢，进来四个妹子，选来选去选到我这桌，我坐的位置只能坐四个人，三个坐下后另一个就站我边上，别人都劝她去别桌吃，妹子悠悠的说，没事他快吃完了！尼玛，我才刚吃好吗！实在抵不住四个妹子盯着我吃，我让还不行吗！妹子，你是不是干城管的！！！,晓虎叔叔,,
"昨天我在肯德基吃午饭，人忒多！我看见有母女俩端着汉堡找不到位置坐！我马上吃完，又着急回公司！一边起身，一边招呼母女过来，小萝莉甜甜“谢谢阿姨！不过阿姨，你用袖 口 擦 嘴 真的很不卫 生啊！”,我。。。。,音晴未雨，流星",醉酒舞剑砍疯子※,,
明明很困，就是不想睡觉，想起一句话，失眠是因为不想结束今天，不想开始明天。最近事情确实太多了，感觉快承受不住了。,一东耳,,
我们密山市是中俄边界，街上天天有俄罗斯胖女人买东西。那天媳妇和儿子在超市门口被几个俄罗斯妇女截住了，几个人比划了半天，十岁的儿子帮她们打开了超市的存包柜。媳妇回家给我学的时候画面感很强，自己脑补。,天驱吕归尘,,
"我有个朋友那晚是他第一次喝酒，大半夜见他迷迷糊糊起来上厕所，谁知道他直接在床头尿了起来，而且是对着他的鞋子撒。,看得我有些楞逼！,第二天醒来问他怎么对着他的鞋子撒？,他拿鞋子闻了闻，他么还说是不是我尿的？",偏执的信念,,
"追一姑娘，追了三个多月，未遂。昨晚终于“得逞”，喜。今天下午一起在池塘边坐着，瞅着旁边白嫩的小手，寻思着鼓起勇气去牵，却老是不好意思。几番尝试后，终于，长叹一声说，唉，太熟了，吃豆腐都不好意思。姑娘狂笑。过会儿，起身回家，嘟起嘴伸出手说，牵着！,虫仔〃",钻戒礼服和我的她,,
"哥们要去俄罗斯出差，打电话给移动问：“我要去前苏联，漫游费是 怎么算的？”,客服妹纸愣了愣，严肃的 回答：“对不起先生，我们暂不提供穿 越业务！”",我叫王大锤！！！,,
今天坐公交，本来在后排坐的好好的，瞥见一个猥琐大叔一直在跟着一个妹子，从车前一直贴着走到了车后门，到我跟前才发现原来是咸猪手……我起来也贴了过去，把那大叔挤开了，给妹子腾出一个空间，我低下头看妹子正好碰见妹子抬头看我，然后和妹子相视一笑……然后，下车的时候发现钱包被偷了,一米八四的骚年,,
"今天家里客人多，晚上睡沙发，老妈催我快点睡，我弱弱的转头看了看旁边敷着面膜葛优躺的两个女人…幽幽的回了句你们都在这占着我怎么睡…,身旁老姐：面膜敷完就走~,老妈：你姐走我就走…,我……你们开心就好…",y、沉沦,,
今天老婆回娘家，带回来个好消息，她家金毛生了，这个星期六摆酒，让我定10桌。。。,lawliet,,
"儿子在玩她妈妈的红纱巾。忽然，他笑着把纱巾盖我头上，转身拿着笤帚过来。,“孩子在学入洞房，掀盖头吗？”正暗忖着儿子的模仿力真强。,忽然我头上就受到重重一击！,“麻蛋！熊孩子！为啥打我？”,儿子:“绑架！”,斜阳烟柳",奶爸2014,,
小学学校组织野餐老师叫我们自己准备吃的，我爸给我炒了一碗鸡蛋炒大酱还洗了一捆小葱让我带着，到了才发现大家带的都是果冻啊虾条一类的零食，后来我把那碗酱拿出来让大家下饭吃了，那捆葱死死坐屁股底下到结束也没有拿出来,念Winter,,
这真是一个悲伤的故事,颜卿卿,,
"柯南步入中年后，一天，在山里迷路了，看到一个小村，就敲开农户的门说:“你好，我是柯南，迷路了，可以借宿  一宿么？”农户转身进屋拿了一把刀说:“你走那里，那里就死人，今天不是你死就我亡！”,林、妹、妹",南宫空城℡,,
"跟小姑子都在哺乳期，楼主飞机场，小姑子以前36，现在38，她个人很不喜欢有点偏大的38号,那天聊天，聊到别人隆胸，她说还去隆什么胸啊，谁要，我分她一点就好了嘛。,我只想知道，为什么你的眼神从我身上一扫而过",幼儿园到底有啥用,,
我年轻的时候跟一个妹子聊天，我感叹了一句：苦逼啊！然后妹子回了我一句：‘你尝过？’。这就是我走上污这条道路的起点。,可耐基,,
今晚和一个异性好友吃饭，她说最近她一个哥们失恋了天天耷拉个脸不开心，我说那你宽慰他下啊？她说我只跟他说了一句，--鸟大了什么林子都有。。。。好吧似乎也没错，但是你怎么知道他鸟大，说完就后悔了，美女现在还没理我呢，怎么办,蓝弟兰妹,,
"同学安利我鬼吹灯之精绝古城，说豆瓣评分8.多，我问他哪里好？他一句话发动了我""没有小鲜肉""",要多长就有多长！,,
97年上大学的时候，有几个南方的同学是老乡，有一天晚上他们三个去喝酒，回来的路上碰到一个地沟，一个绕过去了，另一个跳过去了，剩下一个掉沟里了，磕掉两颗门牙！,,,
一般最先说话的都是丑人 因为有句俗语叫“我丑话说在前面”,西槿先生,,
老师在做实验，我的位置是窗户边贴墙坐，一只苍蝇在我身边甚至脸上飞来飞去，最后停在窗帘上。我实在忍不住了，看着苍蝇说：你TM再动一下试试。化学老师瞬间不动了,笑疼了腹肌,,
"高中某男同学色盲、但没人知道、自己也不知道、割割。。。。,高中毕业、该男同学参考飞行员、在考核色盲项目时、观察图片上各颜色点点许久、肯定滴大声说“兔子”、当我们告知他图片内容是“飞机”时、瞬间凌乱勒。。。",丿初心,,
看国足对冰岛，冰岛球员的名字都带松。我就纳闷了，都松就是国足不射的理由吗,天驱吕归尘,,
老师说：同学们！这两道题拍下来！回家做！   同学们纷纷举起手机拍照。 然后 回到寝室发现手机里多了几张自拍的我也很无奈╮（╯＿╰）╭,梦的。,,
今天不开心，生气，回家老婆问我咋了，朋友跟我炫耀他家养的不是牧羊犬就是藏鳌！给我气的，我外面养了这么多狐狸精我炫耀了嘛！我骄傲了嘛！老婆上来就扇我，我错了，我错了，家里还养了一只母老虎，我也没傲娇啊！,嗯的味道的,,
机场安检的时候，拦下的让人忍俊不禁的物品。图中外表看起来是一把普通的梳子，但其实里面却藏了一把刀。,颜卿卿,,
单身狗的悲哀,翻滚吧！蜗牛,,
这么久了我一直在想一个问题，如果女生晕血的话，她每个月都来姨妈，你能想象她每换一次要晕一次的情景吗？万一要是晕的地点不好……那就尴尬了,我姓谢你却喜欢虾,,
今天下班看见这样一个情景，一个小女孩在哭估计是跟一起玩的小伙伴闹矛盾了在哭很不开心，然后就听见她妈妈教育她说，你不对别人好别人为什么要对你好，真是不错的妈妈,。穿越时空,,
"小时候过年跟哥哥一起玩，哥哥说：“桃儿桃儿你就站这儿别动，现在你是怪兽哥哥是奥特曼啊。”当我在想他要干嘛的时候他朝我丢过来一个炮仗，在我耳朵旁边就炸开了,“你说什么？我听不见”……",南宫桃宝,,
"小时候总以为大人有花不完的钱，管我妈要她又不给。 终于发现了藏零钱的地方，都是一毛两毛五毛的，为了不让发现，一次就拿一两张，那时候不知道坐吃金山空。 不知不觉只剩下十几张一毛的，暴露后被我妈打得连哭的声音都没有。",香思、乐天,,
夏天一池塘里有三、五个妇女摸螺狮和河蚌，一边摸还一边互相调侃。这时一路过池塘边的男人问：亲们，你们是集体摸呀，还是自己摸自己的呀？池塘里边的一妇女回答：我们是自己摸自己的，摸的技术都不错。,清纯两小无猜,,
"一朋友总是以德服人，总是现身说法，从不用暴力。这不，刚买了车要带老婆孩子兜风。儿子非要坐副驾，安全带也不让系，他说这样不安全，儿子不听。老婆坐后排中间，对他开车指手画脚，他说这样很危险，老婆不听。于是朋友现身说法，一脚油门到了一百二，然后就是一脚刹车…,风规自远",tianzi1987,,
"我姓高，家谱排行老八，我相信我命中一定是个王子，小时候我在脸上写上八王子就出门了，，，，后来整条街都知道我叫王八糕子了，艹！,外出工作了，同事们叫我老高，很是亲切。多年后的今天我回到家乡，街坊们看到同样已是满脸沧桑的我，居然又提往事，现在又叫我老王八羔子，，，报警都没管用，他们已经笑死在街上！,天马～～空",养驹日日日渐长,,
出来工作7年了，今天忽然有位高中同学QQ上叫帮忙远程处理问题，处理完成后发现QQ虽然天天在线，却有几年没有联系过朋友同学们了，感觉现在除了与工作上的同事有联系，自己好像与世界都脱离一样，有同感的人吗？？？,一小时不算长,,
"那天跟小姊妹阿露（闺蜜+同事）和阿欣（新同事）唱歌去，她俩很嗨！就我没唱，露说:姐，我给你点个鸭子吧！备注:楼主每次KTV必唱苏慧伦的《鸭子》！阿欣一阵贱笑，说:好呀，来个鸭子！真的巧，楼主老公来了，进门就贱滴滴说:美女们好，我来陪你们！,把欣吓得:姐你这样好吗？对得起家里姐夫吗？",郁华庭,,
刚才给家里打电话，跟老爸聊了一会，就听见电话里有别的动静，老爸说：“你妈在你房间里放了一些东西，知道你快回来了，在那收拾房间呢。”我还没说话，就听见我妈在那头喊：“儿子，你什么时候回来？房间收拾好了，足够两个人睡了。”我实在张不开嘴跟我妈说，我今年一个人回家。。。。,、﹏聪聪。,,
带一年级的儿子去ATM取钱。年底了，我也知道不能让周围的人看到余额，要脸！取完钱后我遮遮掩掩的查了一下余额，这时候儿子问:“爸爸，上面显示的是不是1快8角6分？”我，我感觉到周围的人齐刷刷的看我……地缝呢,哈巴狗4444,,
小时候，父母在外面做生意，有一次学校让交100块钱，我交上去了厚厚的两沓五毛和一毛，我至今都忘不了老师数钱时看我的眼神！,白头吟伤离别,,
"今天中午吃饭，旁边有对情侣……,以下是对话,女:你11号真的要去找那个女的买黄金？,男:是啊，买回来送给你,女:那你为什么不去金店里买,男:她买得比金店便宜啊,女:你怎么知道那是真的假的,男:傻啊，让她一起去金店鉴定啊，是真的就买,听到这里，我想，这个男的真疼他老婆,然后那女的说，到底是你去向她买金还是她向你取精，我的一口可乐就喷了,妹子你也混糗百吧，哈哈哈",。奇葩。,,
"今天上班看见女同事对面走过来：美女，为何总穿这么花哨？,女同事，啪就是一下：流氓，说什么呢？,我：这就是你不对了吧，我就问你为何总穿这么花哨啊！怎么了？,女同事：尼玛，这是我的穿衣风格，跟何总又说关系？,我：卧槽……",青冥℡,,
今天早上做公交车，，，割，，，，     车上有一个保安    过了几站上来一个警察    一上车就和保安握手    聊了两分钟    警察问你是哪个支队的     保安回来xxx商城      警察就默默的离开了,这个昵称被抢两次,,
别人班的黑板报……,劳斯莱斯开裆裤,,
今天晚上到澡堂子泡澡、搓背。搓澡师傅说:“就喜欢给你这样的搓背”。我说:“是吗？怎么滴，”       搓澡师傅说:“特有成就感！”……,为嘛又重名,,
我发现我最近越来越不快乐了怎么办？”“没事，本来就只有傻逼才能天天都过得很快乐。”…与你共勉。,小猫不洗碗,,
朋友的字，不知道大家怎么看,以长补短…！,,
表哥喝点酒，看到他家二哈被一条流浪狗追着 咬，暴脾气上来了，替他家二哈强出头，结果连人带二哈被流浪狗KO了！！！,睡觉撞墙卡跟头,,
那个谁。你老婆到了,志广晕,,
"公交车上一对母子，两三岁的小男孩坐着，妈妈站在他身前护着他。,妈妈假装逗他：哎呀，妈妈站不稳了，快抱着妈妈,只见小男孩赶忙攥住妈妈的手指头，使劲儿往回拽",遍寻灵犀＆觉觉,,
今天算是糗坏了，和一个女性朋友聊天，不小心说了她胸比较小，她就开始发火，我就安慰道:胸平点没关系，至少你有B嘛！然后，她很气愤因为这句话和我绝交了，我一直不明白，刚才才反应过来，我说的B，是罩杯大小呀，我冤枉！！,~盗仙心~,,
高中时，走读生，每次回家都会路过一家大门口，他家门口栓了一条大狗，每次路过他都会玩命的朝我叫，感觉就像要挣脱锁链一样，害得我每次到了那里都会加快脚步。直到有一天我再次路过那，那条狗还像原来那样叫起来，可是这次我眼铮铮的看着它挣脱了狗链向我冲来，吓得我连跑都忘了，静静的站在那里看着它，它跑了几步，见我没跑，又回头看看栓它的狗链居然又跑回去继续站在狗窝里朝我狂吠。,瞪我滴木有小鸡鸡,,
男朋友今天回家，他妈怒了，跟他说，你们俩干坏事能不能垫块布，搞得我次次都要给你们洗…………我擦，没脸见人了,,,
小时候听说蚕丝很值钱，蚕丝织的布叫做绸缎…我以为能吐丝的蚕就是树上的知了，因为那也叫蚕（蝉），于是大夏天楼主到处去捕蝉，晒的溜黑，终于捕到几十只蝉放到屋子里养着等着蝉吐丝…过了一个星期，那些蝉陆陆续续都牺牲了，蚕丝也特么没吐出来一根～,榆树上的考拉,,
"给我弟买了件羽绒服,我问他:衣服穿着舒服吗？,他答:不舒服。,我问他:不舒服你还穿（白眼）,他答:因为好看啊。（一脸贱样）,。。。。。我已经无法用语言表达我想杀了他的心。",一滴泪染湿了世界,,
我家里很穷，小时候读小学的时候学珠算，老师要求每人带一个数珠子的那个学习用具来学校，我回去跟我爸说了，我爸用一截小竹子两头打两个孔，把一根破开来的小竹条两头分别钉在竹子两头的孔上，算珠是小竹子被割成一厘米一个的小截子穿在竹条上的，第二天拿去学校被老师和同学嘲笑了！  唉，想想这么多年老师不喜欢我是有原因的，从来没钱交班费……,陌颜丿轩,,
刚刚跑厕所抽烟（女朋友不让在卧室和客厅抽烟），到厕所，脱裤子，蹲马桶一气呵成，抽一半，突然一股翔意来袭，用力！都到门口了，突然想起来自己没带纸，我又硬生生给憋回去了…,Alex的小火车,,
"老张很愁。,老李就问：愁啥子呢？,老张：还不是我那儿子，意志消沉，生活没有激情，也不跟亲戚朋友来往，愁死我了！,老李：这有啥，给他报个班呗，保管治好！,老张：什么班这么神奇？,老李：传销班！,老张：......",青冥℡,,
一家四口在吃晚饭，小哥俩为争抢一个鸡蛋就开口互相大骂：草泥马，他爸把他俩叫到跟前，一巴掌打到大儿子脸上说：他妈是你啥？又一巴掌打到小儿子脸上说：他妈你叫啥？我草你个奶奶的！,,,
朋友是宝妈一枚，特别粗心，有次去逛超市，把孩子放在购物车里推着，那天人还很多。走着走着，宝妈不知看到什么了，放下推车就去拿东西。过了一会回来了，正好旁边也放了个购物车，宝妈看也不看，推着就走，，，幸好孩子眼尖在车里赶紧喊：妈妈，妈妈，我在这呢！,落水妞儿,,
老公不干家务，还喜欢给我创造家务，中午吃了饭泡了一包咖啡，随手把袋子放在餐桌上，我一看就来火，就冲着他说：你能不能让我好过点，说你多少回了，有垃圾顺手扔了，东西拿了要归位，记住了行不行！他听我说完，登登登跑我跟前，然后一转身，卟，放了个屁，然后扭身走了。我可想吐血啊！吐血啊！！吐血啊！！！,林幽兰香,,
"单身狗说：还是古代好啊！,我问：为什么啊？,单身狗：只要碰一碰女人，就叫肌肤之亲，这女人就得嫁你！,我点点头：对别人来说是这样！对你来说，估计那女人直接就自杀了！,单身狗：......",终极X匿名用户,,
腊月二十五六有从商丘去山东滨州的没有可搭顺风车，一个人走无聊找个人唠唠嗑,朱朱朱老大,,
真事～～我一个哥们，和他媳妇吃夜市，为了点鸡毛蒜皮的小事就吵起来了，他媳妇站起来一个窝心脚就把这哥们踹倒在地，但是不出半小时人家又扭转了整个局面，又是拥抱又是接吻的，几瓶啤酒下去回家上床还啪啪啪，临晨我哥们不舒服就赶紧去医院检查，拍片子一看哇靠，断了三根肋骨！现在他坐在地上拿着住院单和片子打电话问他妈还要不要跟这娘们儿过了～～,大笑笑哈哈,,
"转,儿子和邻居的儿子一起跑出去玩到很晚还没回家，和邻居一起找了好久，终于在湖边找到两个泥猴。,上前拉住孩子一顿胖揍，一脚一步往家踹；邻居脾气好，拉着另一个孩子去水里洗。,踹着孩子没走多远，邻居拉着个花脸从后面着急忙慌的追了上来。,他带着哭腔边追边喊：“哥们儿别打了！你打的是我儿子！”",狼跡,,
本人有个毛病 ，就是见到（拿不稳，或碰到）东西掉下来地时总是喜欢用脚去挽救一下！可被这个毛病可害苦了！我是在五金厂上班，而且做事还马大哈。总是时不时地弄掉东西，所以我的脚一直没好过⊙﹏⊙。。。我感觉自己有强迫症，求解救！,坚持的执念,,
最近一个个同学都结婚，感觉就像当面她们一个个都提前交卷，简直是噩梦重现，你们真不在检查检查吗？或者等等我？？？？,崔胜贤塔塔,,
读小学时每次开学老师给我们发新作业本后就被我撕了拿去赌，赢了一大叠后回家找针和线缝起来做草稿本，然后跟老妈要钱买作业本……,昵称太过于个性，系统无法显示。,,
昨天晚上因为喝酒12点多才回家，坐电梯的到了11楼停了，门开了，一个人站在门口往里面看了一下，说，你们先上我东西忘记拿了！我擦，电梯里明明只有我一个人！,习惯了糗的人生,,
一个女同事，，一米七的个头二百多斤，今天在办公室聊天，她说她妈妈二十多结婚，三十多才生的她，另一个同事问她为什么生那么晚，她说不知道。我特想说。你妈一直不生可能想憋个大的，也果真如了愿，确实很大块头,嘣撒卡啦卡,,
我在想哈利波特所在的学校拥有那么多深奥魔法、高级药草，就都没有一个人知道怎么治疗他的近视吗？,娇滴滴小猫咪,,
"我把初恋所有照片都存在电脑d盘里面。,今天电脑坏了。我拿去修 老板说要换硬盘。,我问老板：电脑里面存了几张我仅剩的初恋照片。能不能有什么办法可以把照片拿出来。这个对我很重要。,老板被我的深情打动了。 然后告诉我：看在你痴心一片的份上。我就不坑你了！照片在那个盘。刷个系统就好了。,我.....尼玛。  谢谢啊！",逗逼的蓝小胖哇,,
LZ从小吃药不用喝水。。。今天感冒买的感叹号一粒超大的那种。。。就刚刚吃了一粒。三分钟了在嘴里咽不下去，都特么快化没了。。。这是要我喝下去吗？？？,尖叫鸡爱尖叫,,
大胸姐居然问我山楂麦芽水吃了能不能让胸小点，她觉得大胸也很烦，我说能不能缩胸我就不懂了你先给我找个速效救心丸吧卧槽！！！,乖贤儿~,,
"儿子小时候刚会说话的时候，他妈让他骂我：“骂他！”,儿子：“骂！”",,,
小时候骑自行车，骑入一个行窄的胡同里拐不出来了，于是弱弱的敲了一下旁边一户人家的门，“我可以借你家到一下车吗？”,逆风呲尿呲一身,,
一妹子开着宝马，后面跟着一个皮卡，快红绿灯了，到路口，刚好黄灯，那妹子直接刹车，当然了，你们懂的，皮卡没反应过来，再加上刹车不如人宝马快，果断撞上了，其实要是个爷们开那宝马，黄灯也就闯过去了，那皮卡就这么想的。然后那妹子走下车来，看车撞了，蹲地上就哭。那皮卡里的少年出来愣了，扶着那妹子说，妹妹你别哭了，该哭的是我啊。。。,饮最烈的酒、艹最爱的人,,
大家乐一乐。。。,小辉1111,,
给你发个笑话：小鸡慢慢地长大了，开始思考很多问题，思考自己是怎么来到这个世界上的。于是他问妈妈：“妈妈，你知道我是从哪儿来的吗？” 妈妈说：“Ｉ孵了You！”…希望你今天开心…,小猫不洗碗,,
发个新鲜的，就刚刚和老公啪啪啪，刚刚进入正题，儿子嘿的一笑，醒了，这特么太尴尬了，还好没开灯。,,,
这事我挺无辜的，前天去酒吧喝酒带一个喜欢的妹子，还有她朋友，前提是都喝了不少酒。然后在酒吧里就亲上了，这不是重点！！！重点是她朋友把我拉过去也开始亲！！！然后她俩就一人亲一会！！！我一脸的蒙逼～～～现在我喜欢的女孩不理我了！这怎么破？我敢保证我一直处于被动！,譭譩,,
"感冒了，去打针。。一个美女护士过来温柔的说:“打针怕不怕疼？”我: “看见你就不怕疼了！” 美女护士:“实习生小张，你来打， 这里有个看着我，不怕疼的病人！”我“……”",南宫空城℡,,
神评论啊。。。,你好，再见。！,,
世界杯参赛名额增加到48支队伍…………这感觉就好像在高考前看新闻，听说了清华大学要扩招，刚要高兴，转念一想，草，这跟我有什么关系！！,随便看看糗百,,
"有一次，我弟吹气球玩，不知道他哪根筋搭错了，把气球塞衣服里去。我看完大笑，说：你胸好大啊。妹妹。我弟笑嘻嘻的说：因为你平胸啊，这是你羡慕不来的。,我感觉我被侮辱了。",何禾^,,
今天去买葡萄，有个人也一起买，那个人就问小贩说有比这个还新鲜一些的吗？小贩说有框子底下的是刚拉过来的比较新鲜，然后那个人说还有新鲜的吗？小贩说有，不过你要亲自去葡萄架上摘了，哈哈，回答的那个人无言一对，我在旁边想笑又不好意思笑,桃子姐姐cherry,,
以前我们这里发生一件奇葩的事件，一对夫妻他们结婚五年。结果女方发现自己的丈夫出轨了。因为这件事情，要和自己的老公闹离婚分家产。但令人没有想到的是，夫妻结婚五年，私生子居然十岁了。我数学不好，怎么都算不开这笔账。,我被苍井空包养了,,
昨天房间门坏了，就是门舌头伸出来缩不回去那种，害怕门关住打不开，挂上钥匙打开安全锁用拖鞋挡住门防止门被吹开，准备休息的时候再换锁。刚刚尿急开门上厕所，谁知一拉门发现打不开，打开灯一看，钥匙在屋里，不知道哪位好心人帮我把钥匙拔了，把门关上了，各种方法都出不来，不知道半夜三更开锁的时间能赶到，再不来我就快要爆发啦！,☆★雪地鸡毛★☆,,
这样的老婆，我也是服了，,翻滚吧！蜗牛,,
"有一种心情叫没心情,出车回来老婆和丫头（儿子女朋友）都给我买了件外套，一件一模一样的外套，一件我没舍得买的外套，因为贵！,心情很美丽，但我还是训了她们，怎么乱花钱呢？我这么大岁数了整天在外开个车跑 ，我适合穿这衣服吗？还俩件一样的！明天拿去退一件，不给退换别的衣服。,今天回来老婆让我试了条裤子，感觉良好，老婆说是用那件衣服换的，其他钱换了岳父的衣服，过年带回家。,丫头回来送我一件衬衣一条裤子，说是用那件衣服换的，其他钱换了我儿子衣服。,我我我。。。。。。。。。,【星空】棒棒",【星空】夜行,,
晚上下课，外面大雨倾盆，同学们躲在教学楼等待雨停...这时，从大雨中过来一位撑伞的帅哥，手里还拿着把伞，径直朝我走来，人群散开了一条路，所有人都望着我俩，走近后，帅哥把雨伞递给我，温柔的说：“同学，帮我拿给你们班XX好吗？”   我。。。。。。,天气预警(^_^),,
姥姥老年痴呆症，她告诉我说每天晚上都有人趴在她窗台上看着她，她很害怕，每次关上窗帘后都用砖再把窗帘压住，我告诉她是她关窗帘时看到的是自己的影子她还不相信！让我关窗帘去看看，她跟我来到到窗台跟前一看指着玻璃说，今天怎么变成两个人在窗外偷看了？？,……从此萧郎是路人,,
考试了，给大家送点祝福语,三砌四切,,
晚上上床准备睡觉，老婆对快两岁的女儿说亲亲妈妈，女儿去亲了老婆的脸，我说来亲亲爸爸，她却亲了亲自己的手背代替了，代替了,我不说话我想静静,,
"放假了，室友A还没回家，今天晚上住宾馆，然后听到了隔壁啪啪啪，不隔音，然后我们宿舍群就炸了:,室友E""快点快点开视频。"",室友G""录下语音开直播，快快快。"",我""……"",室友A""我还是个宝宝听到这个真的好嘛？"",室友G""没关系，你可以跟她比着叫。""",酥脆薄饼,,
单身的理由不过是，好的追不上 丑的看不上,懶呀呀,,
莫名一个人加班到八点半，下了地铁饿的厉害，买个盐酥鸡和烤冷面，我的习惯先给钱，闻着烤冷面和盐酥鸡的香味留着口水，一个低沉的声音从我身后响起“城管来了”。两个大哥手上东西一扔麻利的跨上电三轮启动，然后渐行渐远。只留下孤单的我在原地大喊，老板我的钱，不对，是我的吃的。 恩，这波可以。但是我饿。,笑洋溢幸福,,
看了好多年今天第一次发，，，前天晚上梦见自己和黑帮好多人打架，关键我是个妹纸，然后昨天我的那颗烤瓷牙掉了疼，今天起床我的左脸肿成猪头了痛不欲生啊。。。去看医生，医生说我的智齿要出来了，这特么难道是因为梦里被群殴了造成的麽π_π,亲爱哒小熊熊,,
"晚上玩手机上厕所得时候，千万别把纸和手机放一个手拿，不然你一个手拿着手机聚精会神得看段子，另一个手会很自然得擦屁股，然后别忘了纸还在拿手机的手上！！！后果估计你们都能知道。。。...,好了，你们也别问我是怎么知道的了。",屌丝命~土豪梦,,
一看就我大糗百的人才,能笑吗。,,
小侄女不知为什么哭，我懒得理她！躺在沙发上玩微信聊天。一会老妈走过来，孩子哭没看见呀：是不是淡对像了？小侄女说，奶奶，姑姑没对像，老妈说，小屁孩懂什么……？侄女说，看到小孩哭都不会哄，这样的姑姑能有对像吗？我……,思宇……,,
"群里聊天，本想仗着进群早便自称棒哥，谁知打错字打成“棒锅”，群里静静美女来一句:棒棒你经常背黑锅么？,我想静静..……,花之灼灼",【星空】棒棒,,
我公公脑萎缩，晚上睡觉不消停，我丈夫便去陪睡。公公在里屋，我丈夫在外屋沙发。半夜，我丈夫被悉悉索索的声音吵醒，睁眼看见我公公站在自己旁边，穿着我丈夫的线裤，棉裤，毛衫，棉袄。。等我们老了时，有没有孩子在我们身边呐?,乐孑,,
今天儿子回家说学了一首诗:鹅鹅鹅，曲项向天歌！我问道:这首歌表达了作者的什么意思？儿子想了想道:重要的事情说三遍！,lizong8280,,
"最近生活有点紧张，戴着个口罩拿把水果刀打算抢钱。,在一胡同来一个弱女子，我大喝上前:忒，把钱拿出来，你要钱还是要命？,只见那女子哆哆嗦嗦说:大 大 大哥，我 我 我要钱……！",依然范特西:,,
我是一个铁路客运员，男的。刚刚有个旅客喝醉了，人高马大男的，一直说他有票要拿身份证给我，我说我相信你，不用给身份证。结果在上车前抱着我亲了一个。这么大的人了，第一次被个男的亲了。,,,
好糗啊，去泰国在携程上酒店定错日子了。携程要我自己联系酒店，电话永远打不通。。有没又在泰国皮皮岛旅游的糗友啊，能不能帮我联系下酒店咯，酬谢。,生活如此多脚,,
年离我们越来越近了,千年轮回欧耶,,
老公总说要我没用，我说你想怎么有用？老公说要我就为了干我的，我瞬间飙起来了，捏着老公的脸，恶狠狠的对他说：你丫的，能好好干好么？昨天没干，前天没干，今天还不想干，咱们能不能敬点业？不要三天晒网两天打鱼！！结果老公直接钻被窝不说话了…怎么破？,,,
"大宝问：妈妈，为什么你长大了要离开你的爸爸妈妈？,我说，因为我长大了要跟你爸爸结婚，爸爸去哪，我就要去哪里。,大宝高兴的说：妈妈那我长大了要跟你结婚…",abc霓裳,,
今天跟老公去朋友家，好多朋友都在，老公的哥们在一边拿手机打开京东网跟我说:在这上面给我老婆买了点东西，我刚想跟老公说看看人家对媳妇多好，这话还没说出口呢，那哥们又来了一句:花了一块五还包邮。哎吆歪我这坐着笑了半天。一块五  一块五还包邮 包邮……邮……邮，真服了这群铁公鸡们。,情缘奇份,,
这广告也是real尴尬,摸摸二哈的毛尾巴,,
因为一个人，爱上一座城……,tjmjgtm,,
今天去超市买猪肉，称好以后放到了一边，然后就有人问：“谁的肉，谁的肉”，我赶紧说：“我的肉，我的肉”。谁知那人嘴欠的来了一句：“是你的肉吗？”引来周围的人哈哈大笑，我当时一愣，反应过来也跟着大笑了,打不倒的光头强,,
点了个外卖，半小时就到了，外卖小哥敲了2分钟门，女孩纸嘛，穿衣服肯定慢啦，等我穿好衣服开门，外卖小哥看我的眼神都不对了。似乎还想把头伸进来瞅瞅。没毛病,红妆是为谁,,
昨天兄弟交了个女朋友，喊哥几个吃火锅，就当我们在里面夹菜的时候，她说了一句：你们能不能不在里面洗筷子，我都不想吃了。我瞬间好尴尬，但是没说话。今天他们分手了，我们又去那里吃火锅,饮最烈的酒、艹最爱的人,,
我是老大，,123宝贝123,,
刚骑自行车回家，发现阴暗处有对男女搂搂抱抱，便侧目多看了几眼，不料前面有个小坑，自行车不受控制冲进了旁边的水沟里！哎，夜路走多了，总是会碰到虐狗的……,你亖不亖傻！,,
"有一个问题:相恋六年分手 是一种怎样的体验？,有人说:总是要一遍一遍提醒自己现任的昵称，怕一顺嘴喊出前任的名字！,有人说:像死了一个至亲！",林、妹、妹,,
"想着过几天出省回娘家了，省内免费流量用不了，那也不能浪费了，晚上关了家里的WiFi，用流量下几首歌，下了几个影片……早晨提示手机欠费了……呃……离出省的日子还有一周呢……,胖香",莫纳~纳花依然,,
本人小小库管一名，虽然每天工作量不大，但是有的时候也挺费力气的，今天老板说明年给我找个伴，找个力气大的男的！老板说的挺认真，我却在心里猥琐的笑了！！,郎海曼,,
那天站岗，我们部队养了一只小白狗，是土母狗，勾引了好几个外面的野狗。在我站岗期间，他俩Xxoo，我看不下去了，拿着应急棍把她俩打开，敢在我单身面前搞这种见不得人的事，坚决反对。,南漂者渴望幸福,,
"表姐二婚，男方带个小女孩，表姐告诉小外甥“以后要好好照顾妹妹，疼妹妹，不许欺负妹妹”小外甥“麻麻，蜀黍，你们放心吧，我会像疼自己老婆一样疼她的！”,醉酒舞剑砍疯子※",睡觉撞墙卡跟头,,
"李媒婆来我家说给我介绍一个对象，问我想要什么样的，我说:现在也没啥要求，一是女的，二是活的。,李媒婆双眼放光问我:你看我行不行？",依然范特西:,,
一铁哥们，最大爱好就是买打 折 狂 甩的东西，一看见这类的，保 证 立 刻 杀 进 去 血 拼，周末哥几个单身汉 聚 餐，看到一家店 狂 甩，这货“嗖”就进去了，拉都拉不住，结果进去才知道，是女 士 内 衣 店 狂 甩！！,睡觉撞墙卡跟头,,
今天监考，发现有个同学的草稿纸……,Nick_uestc,,
当年在韩国打工，有两个东北人甲和乙是老乡。甲在家学习就很好，来韩国之前还上了半年韩语学习班，认识很多韩国字，不过不爱说话。乙在家就是个学渣，韩国话一句也不会，不过特别喜欢跟韩国人交流。每次一说他那阴腔怪调的韩国话时，就惹得周围人哄堂大笑。乙也不气馁，也跟着笑，然后继续说。这样一年过去了，甲的韩语水平，基本还是原地踏步。而乙和韩国人已经能够非常流利的对话了。,一夜秋雨满城凉,,
目前欧洲很多地方积雪1.5米，，，，把1米55的郭敬明放那里，就只剩一坨华丽的黄毛，在发胶的亲昵下骄傲的45度角，指向天空的阴霾，，，，他那滴了闪亮滴眼露的明眸或许正在雪下悲伤逆流成河。。,追妞来嫁我,,
我姥姥老年痴呆，前几天我去看她，她告诉我说我姨姥姥来了（姥姥的双胞胎姐姐）！我问她姨姥姥在哪呢？她指着镜子告诉我说:“在这里好几天了，我指指她她就指指我，我摆摆手她就摆摆手，我皱眉她就皱眉就是不说话，气死我了！”,……从此萧郎是路人,,
超级讨厌那种拿起酒杯就要喝醉，喝醉还胡言乱语，大吵大闹的人，一脸天下唯我独尊的鸟样，哪怕你是我老子我都想上去给你几巴掌！,丫的蛋蛋,,
学电脑那年，正赶上非 典，学校里不让回家，眼看就快没钱吃饭了。一个同学提议:要不咱们去捡废品吧，旁边就是收废品的，兴许能卖点钱。得到了我们所有男生的同意。于是，在一个炎热的中午，我们几个人拿着从收废品的那里捡来的小钢锯条，跑到了河边，照着摆渡的钢缆就下手了。怎奈折了了两根锯条都没把钢缆锯断，手上还被磨起了老大一个水泡，只好灰溜溜的回去了。幸好后来校长给了我们每人50块钱，要不然就得吃土了。,cz小李哥,,
2009年下半年那会第一次去广州，买的站票，在火车上遇到了两位大哥哥，见我一个小女孩一个人还是站票，把座位让给了我，他们两个就轮流坐，那时候的我青涩，害羞，内心充满着感恩之情，却不知如何表达，我永远可能见不到他们了，只怪话少的我没有留下联系方式…我还能找到你们吗？,佳呢,,
本人在深圳，开车1月16号回湖南衡阳，祁东，组织有人看到，顺路可联系。可以搭载2人，不用担心费用问题，无所谓。聊天吹牛是王道，福克斯车型。,╰ゝ抽抽疯╮,,
前不久在网上看到一个吸薄荷糖糖的测试，今天终于在好奇心的诱惑下买了一盒来试了试，就那种常见的薄荷糖，一颗把它碾成粉，之后就像电视上吸那粉那样，卷个卷用鼻子一吸，哇(⊙o⊙)！那感觉，有兴趣的朋友可以试试,撸管大IP,,
说个小表弟的，小学六一儿童节，每个班都有文娱表演，他们班大合唱，老师说让妈妈帮他们抹了口红再来学校，然而第二天活动取消了，，全班都知道就他不知道，，，，然后老师就看着全班就他一个男生抹着烈焰红唇坐在教室最显眼的位置笑了一上午。,念Winter,,
"上个月中旬到乡镇出差，早上八点多就出门了，一直忙到下午五点多才坐车回来！由于坐车要两个多小时才能回到家，忙了一整天整个人都累垮了，就在车上睡着了！！经典的是，到站了，楼主还在睡觉，司机都去吃完饭了，回来车上拿东西发现有个人在车里，这司机大哥推醒我“兄弟，你打算在我车上过夜麽？没钱住旅馆？”,尼玛-_-#，司机大哥你真逗→_→。",Jazz桂杰,,
我特么都不知道该怎么说了！ 现在借钱的 你们都是大爷！我经济不给力了，给你们要账，回话是什么？ 我这几天手头也紧啊！缓缓吧！操你妹的，，你们天天给朋友圈今天去这玩了 明天去那吃饭了 小日子过得好不潇洒   有想过劳资是怎么过来的嘛！,名字越长吊也长,,
今天和我一起住宿的女孩回家了！晚上我去看了一个足疗兼职！感觉有点不正规就回来了     割了我得心       觉得好压抑觉得没人就想大哭一场！我还没哭几声呢！我同事出来了！以后怎么见人！告诉我该怎么办怎么办,专治鼻炎咽炎,,
友情提示！冬天穿长衣服蹲坑的时候一定要记得把衣服撩上去！不要问我为什么！一上午被屎味围绕着却不知道原因，直到被女同事发现后……PS:（目前已请假一星期）,舌尖上的蛤蜊,,
小张给公司领导发短信：“王经理，我明天请一天假，现在在医院。”“你怎么了？”“骨折了。”“怎么弄的？”“喝了杯酸奶。”“别他妈骗人！你当老子傻吗！”“我没经过我老婆的同意喝了她的酸奶，她把我打骨折了！”,壹抹蓝天,,
最少5个字,abc霓裳,,
和朋友一起喝夜啤酒，碰见朋友表哥路过，于是叫住表哥一起喝，表哥刚坐下倒了一杯酒还没喝就起身离开了，隔了一会我问朋友表哥怎么回事，朋友顺口开玩笑回答说，    他表哥不回来这杯酒就留到给他表哥撒到坟上去，这时他表哥刚好隔壁买烟回来听见了。结果那晚上我朋友被罐醉吐了三次。,军军18,,
初中，知道别墅这一词，只是形容好的住所或者房子，位置和城里距离远一些，我考虑的第一个问题就是买菜不方便！不方便！不方便！他妈买别墅旁边开个超市估计球了！,刘艳东111,,
"你们听过最委婉骂人的话是什么！,流水线工作，有规定的工作产量。同事是最后一道，需要记数量。另一同事一天要问她八百遍数量，某次把同事逼急了，回了他句“还差一个你”。我们面面相觑，同事解释说“还差250”！好吧，咱们不是一个界面！！！！！",哀家要男宠三干,,
“媳妇儿你的舌头咋总舔嘴唇儿呢？”我嘴唇儿被风吹裂了。“啥时候吹裂的？”“刚裂。”“嘻嘻……肛裂（刚裂），肛裂（刚裂）……嘻嘻……”,京华再现稻谷香,,
记得小时候骑马《当时看楚留香传奇》里面的香帅骑的很快，我也模仿。结果掉了下来而且手死死的拽着栓马绳被马拖了好远。这算不算糗事啊？求过！！！,我本南山放牛娃,,
"我有个朋友 脸上长了痘痘。我就说他 一脸的坑坑洼洼。他说我一点文化都没有 它那叫爱情疙瘩。爱！情！疙！瘩！,疙。。。瘩。。。",深海女神掉,,
食堂阿姨神助攻,真情(艾特)小处男,,
"闺蜜是个砍 价 高 手，高到什么程度呢？闺蜜开车带我去参加聚会，半路遇到个碰瓷的，非要两千块，结果闺蜜晓之以理，动之以情，一路 杀 价，最后给了十块钱！,醉酒舞剑砍疯子※",醉酒舞剑砍疯子※,,
小刁和岳父母在一块生活，老两口经常吵架，让小夫妻很伤脑筋。近几天不但不吵了，而且特别和谐，闺女非常纳闷，知道有一天她发现丈夫给爹泡的茶掺上的补品时，才知道这个种有多坏！你真坏！,枯树老藤,,
逛超市的时候碰到了女同事——买的东西很有用，可以割了——我问她买的什么啊，她一边说一边拿给我看：一根火腿、一根黄瓜、一根胡萝卜。我看完之后惊奇的问她，你这是要干啥啊？她看我很惊奇，愣了3秒，脸一红：尼玛啊，姐做扬州炒饭啊！,ly.。,,
姐姐做完刨 腹 产后，麻 药 过劲了就嗷嗷喊疼，护士去给她揉肚子，她也不让，气的护士脸铁青。过会她就让我找护士给她打止 疼 针，去找了护士好几次，都说时间没到，一会打，当我第N次走到护士站，就听见两护士在聊天说：这也太娇气了，这止疼的晚一会给打，让她知道当妈不容易，另一个说，对呀，不养儿不知父母恩，让她疼会吧！抬头看见我了， 这回一点也没费口舌，俩人立刻拿起针去给打了。,烟花半夏*,,
爸，我到底是哪里捡的？我要找回去。。。,张鸿明,,
"今天和五岁的儿子上街，碰到个穿着和服的日本女人！儿子盯着她看了好久，然后好奇的问道：,“爸爸！爸爸！你看那个阿姨，她穿着床单，还背着枕头！她这是不是准备在街上睡觉啊！？”,我望了望那个日本女人，看着儿子竟然无言以对。。。。",,,
5年前初恋，很穷，但那是我一辈子最开心，最快乐的时光！我们仅仅是坐在一起，我都会感到很幸福感，是你点亮了我的世界，在我觉得与社会格格不入的时候给了我前进的动力。让我融入社会，让我努力加油，你父母对我说什么时候达到要求才让我们在一起，等我回来时你却嫁人了，嫁给了你以前说你看不起的男人，我开始沉迷游戏，现在对你说这么多就是想告诉你，有人一起开黑么？,他是鬼,,
lz是城里人，老公是农村的。记得刚结婚那年夏天去婆婆家，晚饭准备吃火锅。白天他们都下地去干活留我一人看家，临走婆婆说园子里种的菜好了让我去摘些晚上吃，我一听这是我表现的机会来了，于是拎着小土篮就进园子里了，别说园子里什么都有，有小白菜，茼蒿，香菜，大葱……不一会篮子堆得像小山。晚饭大家吃的有说有笑都挺开心的，忽然不知是谁说的：这小萝卜叶挺好吃的。那尼！姐我什么时候还摘萝卜叶了，那不都小白菜吗？我说怎么小白菜不太一样的，从那以后我轻易我太愿意再摘菜了，因为有的时候会有意外……,姐现在是女神_经,,
刚刚去朋友家吃饭。朋友送我回家。上车坐副驾驶，难得坐副驾驶，一激动，问了句，安全套套哪里？,我不是那个二姐,,
“老板，你这汤里的丸子什么肉啊，看起来有点生?”“那我给你介绍一下吧，朋友，这是猪肉丸子，猪肉丸子，这是顾客。”,失足大爷翠花,,
老婆：老公，你身上有零钱吗？老公看了一眼老婆：我身上怎么会有零钱？老婆啪的一下，然后问道：尼玛，不老实，你身上没有零钱？我早上给你的五块钱呢？老公：老婆，对于我来说，五块钱可是一星期的生活费，这么大数目，怎么会是零钱？,好看的大片子,,
老板出差，老板娘打电话让我下班把电脑给她送回家。老板娘热情的留我吃饭，还炒了一桌子的菜，有清蒸鲈鱼，爆炒腰花，山药炖鸡，韭菜炒蛋……我怎么感觉好像有一场硬仗要打？,時光十年,,
玩腻了想换人了是吧！把Lz惹火了咬掉你的小家伙……,,,
什么叫一见钟情，所谓的一见钟情就是你看见一个女孩，第一想法是很漂亮，第二个想法就是想睡她。,李拜天少爷,,
"上个月上班工时360小时，糗不糗？,糗百大神们，怎么弄死他！",神秘贵贵,,
本人闺女一岁，现正练习说话。各种称呼都已学会，就是唯独一词怎么也不会~婆婆待她特别好，每次让她叫奶奶，她总会说‘蛋蛋，蛋蛋’刚才我正吃方便面，让她练习说面面就给她吃，她反而说了句‘奶奶’，婆婆都惊呆了！又让她说叫奶奶，她还是叫了蛋蛋！！唉！求婆婆阴影面积,,,
"相亲的出来帮个忙,好不容易追了个女朋友昨天才好上，还没来得及跟家里人说。今晚我妈打电话叫明天回去相亲，对方是老妈小时侯老姐妹的女儿，叫我一定回去……,可我昨天好不容易才跟我女朋友说定了她后天要来我家……,我明天怎么应对相亲这事，不能冷脸老妈的老姐妹，更不能让女朋友知道，不然准分手……,突然感觉大风好狠……,倩倩1992",温水红糖哥,,
想我大成都雾霾全球第三，谁能配敌？,所划之地为疆土,,
说一事，肯定被喷，那时候女友上厕所，老是让我陪她去，我说太臭，她说：你不爱我！我说：我爱你，爱的特厉害是不是要吃你拉的屎？……真他么无语……,当！往事随风,,
亲戚坑亲戚从来不手软，妈的，以后爱谁谁。,,,
"同事长的不咋地，但能说会道。每天都把几个人妻女同事逗的开怀大笑。问他都是已婚妇女了，在怎麽逗，都没有结果。他用师傅交徒弟的口气说，眼光要放长远，这叫放长线钓大鱼，看中的是她们背后的资源，比如说，她们的同学，朋友，闺蜜。你还嫩着点，慢慢学吧。,我去，这也可以？",向南就看北,,
"一尾鲤鱼从大盆里蹦出来，摊主捡回，又蹦出来。。。,这么几次后，摊主直接把鱼拿到了案板上:“真那么想跃龙门吗？我帮你！”,然后往鱼头一刀狠狠的拍了下去。。。",奶爸2014,,
今天看见久违的亲人，差点就没忍住眼眶的泪水。有些时候，真的要停下脚步，看看过往，看看那些一直爱着你的人。树欲静而风不止，子欲养而亲不待！所以，善待亲人吧，善待亲人就是善待自己。,温柔的陷阱露露,,
班里有个人考的很好，连着好多次都是第一。老师上课提到她，说“xxx啊，很不错，连续四次……”坐我后面的人接话“全国销量领先”瞬间笑开了-_-!,两只一只猫,,
老爹高血压住院了，今天特地跟护士请假回家，可是爹啊，医院附近虽然伙食不好，可你回家也不能这样吧，要不少吃点也行啊，爹啊，你可别用盆儿吃啊。,改个名好麻烦T^T,,
小时候觉的方便面特好吃，发誓长大了要天天吃方便面，现在他妈的吃的都吐了,青水绿苗,,
这招如何？,小秀才。,,
"今儿午睡，迷糊中接一电话，开着免提接听，一男低音带着无限的幽怨说到 ：一个月内接不到的你的电话，冰天雪地好心寒，估计你是把我已忘记。现在我走了，或许春暖花开我会回来，或许再也不见……,我立马睡意全无，瞅瞅来电号码。我去，送外卖的小哥你不要这样好不好，感觉我欠了你的情债一样……,还有老娘您老人家眼神不要这么奇怪，我的取向一向很正常……",炖在锅里的梦想,,
"他，纵有百子千孙却不能相认，儿孙尽在咫尺，却远在天涯；,他，看着自己的爱人跟别人出双入对，只能默默的离开；,他，是辛勤的园丁，不辞辛劳，不分昼夜给广大妇女送去欢乐；,他就是隔壁老王！",青冥℡,,
"“今天买了件体恤很合身，但是心里有点难过！”,“美妞，你介胖身材买一件合身的就很难得了！难过毛线啊？”,“营业员从男士区给我选的！”,“呃……我该怎么安慰你？”,胖香",莫纳~纳花依然,,
今天第一次去坐高铁，检票进站的时候，那个机子硬是不收我的票，后面的人都催我，然后有个妹子告诉我，机子不收红票，红票。。。仿佛所有的人都知道我第一次坐高铁，真想找个缝钻进去。,秋叶随风ZY,,
"我和嫂子逛街回来，在小区遇见赵姐抱着2岁宝宝，我逗小孩，喊姨！,小宝宝看着嫂子甜甜的喊了一声姨！又看看我，奶奶！,我立马不高兴了，在包里掏出一块糖：喊姨就给糖吃！,小家伙馋的留口水赶紧喊了声，姨！,我美美的和嫂子往家走，听见背后传来小家伙声音：谢谢奶奶。。。,红尘一笑醉红颜～",醉酒舞剑砍疯子※,,
今天跟老公在看丧尸的电影…老公问我要是他变成丧尸了我怎么办…我说…丧尸要喝血的…没事儿…我养着你…我每个月的都存着够养你的了…,沉冰℡,,
这是一家人吗,超猛男,,
小时候在农村里自己盖的小学上学，地上会长很多的草，有天老师说明天带着大家去除草，第二天有的同学带着锄头，有的带镰刀，我牵了头牛。,有魔力的大咖,,
找女朋友千万别找比你大的，不然有一天分手了，别人问你为什么?_?你说是因为她嫌我小，我呢主要是当初她妈嫌我小。,雨恋淋霖,,
和妈妈说起一朋友办婚宴前夕，因为老公打她，然后离婚了，然后妈妈讲起了往事:说我爹从来没打过她，很多重活累活都不让干，就是要她带好我们兄妹三，如果没带好我们，让我们饿着或者哭了，他不会打她也不会骂她，就是什么也不做、也不说话，只抱着最小的我在手上，脸上冷冰冰的，连来家买酒的客人也不理，好像人家欠他什么似的。然后又说起她以前还小的时候喜欢我爹，家里人不同意，外公外婆反而把爹抓到大队里，绑在棍子上，说我爹偷了他们家的东西，大队的问，偷了什么，我外公外婆说:偷了我的女儿。,牵起小毛驴,,
世界上最远的距离不是生与死的离别，也不是我站在你面前你不知道我爱你，而是大冷天的好不容易把被窝暖热乎了却忘记关灯了,圣诞老王,,
终于等到公司发年终奖了，明天我要奢侈一把，去商场买两条内裤,,,
我们公司领导，很会安慰人呀！平时报销费用得一个星期，才下来，这次三天就下来了，因为十号该发工资，公司不发，就先发个安慰奖.....,在那遥远的地方…,,
前几天去美容院点了几个雀斑，脸上留下来一点一点的黑疤，不太明显。今天儿子回来看到了惊诧的问：妈你脸咋了？我逗他说你爸打的。儿子嗤之以鼻，你以为我爸的手是仙人掌呢，拍你这一脸点点......仙人掌....,,,
本人24号左右开车从嘉兴海宁到哈尔滨，有过年回家没买到车票的朋友可以联系我，可乘坐2人！免费！陪说说话就可以！希望可以帮助到买不到车票的朋友！,土---豆,,
"超市工作，食堂吃饭 想喝水，刚好看见同事小芳就说：你帮我带个杯子过来，我一会再给钱你。。。,约莫十五分钟后，这个集智慧才华美貌于一身的女子给我拎来了澳洲的羊毛被子！,我觉得她活在梦里。",小小麦秸杆,,
- 每天用着6位数的密码 保护着我这3位数的余额 心好累,林俊达,,
银行的男员工都很小气，我们一个二级支行11个人，4男7女，每周轮流请客，女的都请了，到男的就跳过去，不是身体不好就是家里有事，还有个家伙从另外一个男的额那里抢来300块钱说下个星期请客，说了一年了，那300块还在自己兜里呢！银行的男人都是会计出身，会算啊！当然我还是不精的。,习惯了糗的人生,,
"之前去泰国旅游，团里有一个两岁多的小姑娘叫小喵喵，那天在泰国一个很大酒店大堂等领队给我们分房卡，妈妈一再提醒她不要乱跑，年纪小吧，还是跑了起来，一个不小心摔倒了，妈妈生气了。把小喵喵拉到一个柱子前双臂交叉到胸前正准备教育她一下脸部表情都酝酿好了，正准备要发飙，小喵喵这个时候双手合十瞪大眼睛看着妈妈说了一句,萨瓦迪卡～～全场的团友都被逗笑了，才一个两岁的小朋友没有人教她啊，妈妈最后也忍不住笑了起来……都没有人觉得好笑吗？",柚馡艾湘随,,
去年这个时候，晚上，我的结拜大哥（真的是磕头拜把子那种）给我打电话要5000块钱急用，我想都没想就马上转了过去，结果到现在一年了，再也没有联系过我，还天天的朋友圈晒美食，何解,从来没有当过伴郎,,
"今天终于打响了新年的第一炮。,是的，穿越火线踢腿炮！！",有座坟葬着未亡人,,
那年高中集体中午出去清雪，和另一个男生一人买了个小瓶的二锅头，美其名曰“暖暖身子”，然后，就被全被男生分了，犹记得，那天下午的课我们班上的很嗨,暮云,,
此生绝不再养狗,如来吃饭不吃米,,
为了学车，我暂时搬进驾校的训教场地——都是钢板房。这都不冬天了这每天晚上冻得我直打哆嗦。可想到教练一年一下来不管多冷多热都要住在这种地方，我不禁默默敬佩起来，也坚强的忍下来。直到有次闲聊我才知道——教练住的屋子有空调。,无底线的小白菜,,
小时候，某日白天睡着了，老妈中午做饭，需要用糖，叫醒了，迷迷糊糊去买，走到半路清醒了，但不确定是买什么了！好像是买糖，但做饭应该用盐啊？在路上犹豫徘徊，十分钟后决定回家问。被家人嘲笑好久！,驭风而行,,
看到这个我就乐了  155的个想穿出165的范儿。首先你dei瘦，要是155、是个胖子呢？你能想象出的画面,晚上贼精神,,
老板，来包阳光利群！,坚不可摧摧,,
"儿子两天没有大便了-----背景咯咯咯-----刚刚在被窝里，媳妇突然问“是谁放 屁了？”,儿子笑着说“系我。”,媳妇“还是原来的配方，还是熟悉的味道。”",cz小李哥,,
记得读初中时，晚上在电脑上用qq和同学聊天！突然他发了一个链接过来，我打开一看……天啦……我瞬间满脸通红，下面也支起了小帐篷，于是情不自禁的撸起来。突然……卧室门开了，我连忙关掉视频并随意打开了一个qq空间！我爸进来二话不说就给我一巴掌:畜生！然后就出去了……我一脸懵逼回头一看:哇日……我打开的是我表姐的空间，里面全是自拍……,饮最烈的酒、艹最爱的人,,
被爱的人不流泪。幸福的人不晚睡。,最是奢侈少年梦。,,
最可怕的莫过于单身久了，忘记了怎么去认识新的人。,可可夏*,,
听朋友说的：一个女孩95年的，已经结婚生子。一天晚上带着儿子去广场见网友，那个网友问她的儿子，这是你什么人，那个女孩竟然说：这是我弟弟。,。要啥自行车,,
不知是不是因为大姨妈刚离开导致的现在很想要……,,,
"楼主幼师，今天和同事一块聊天，她在天南地北的吹，我很无奈的说了句，别吹了，不吹会死呀，她说""你都是我买的充气娃娃，不吹怎么行呢""天哪，这话接不下去了，在线等……",♀一大奇葩,,
小时候父母不忍心说穿我们看的童话，现在我们不忍心戳穿他们分享的朋友圈。,老衲喜欢豆腐乳,,
陈思诚出轨了  还一次找俩 ！难道那些曾经骂马蓉的亲们 都不玩糗百了吗？女人出轨就该被唾沫淹死 男人出轨就该祝福俩人和好如初？哎 其实 我也希望他媳妇能包容～,林、妹、妹,,
居然被鄙视了。可悲,翻滚吧！蜗牛,,
每次给老公口，老公都很享受，每次都能发出呻吟，我就会很兴奋，觉得这是对我最好的肯定,,,
快过年了 还是会疯了似的想家  只能把这份想念淡化在祖国的边境里,嗨！Mrs.Leta,,
终于知道我家为啥穷了，10年我家拿两万去存5年死期，，最可怕的是不知道咋回事到最后竟然是10年的，我就想知道它能有多少利息，2020年的两万跟2010年的两万差了多少！,Never1997,,
今天看到一篇新闻是番禺运钞车大劫案是如何破的，大谈特谈，我是真没见过如此厚颜无耻的，要不是人家自首，别说21年，估计210年也破不了,明六如,,
跟老婆打赌，输的要做一个月家务。规则是:她在1到10里选一个数字，写在纸上放进盒子里。我可以猜6遍，猜中就赢，猜不中就输。为了不让我偷看，她走进房间写。门半开着，我在外面瞄到她掷骰子选数字……我当时就乐了，骰子只有1到6点，我可以猜6遍，这不是送分题吗？忍着笑等她走出来，我果断说:“1到6任意一个数！”现在，我看着纸上的“8”陷入了沉思，为什么她要掷骰子？为什么不关上门？为什么我能看到她掷骰子？,钻戒礼服和我的她,,
大饱眼福的时候到了，,翻滚吧！蜗牛,,
一看就不是亲生的，,翻滚吧！蜗牛,,
两同事聊天，扯起了各自的小孩。女同事说有一次他家还在上幼儿园的儿子因为做错事被她训了一顿，结果那娃生气了说要跳楼。然后气嘟嘟的就往阳台跑，她跟着出去后果然看到那小子在爬阳台。还好她跟得快，当场就抱下来了，吓得她们家第二天就请人封了阳台。,约定的时候,,
下午在公司感觉有点肚子痛，上厕所发现大姨妈造访，然后问女同事借姨妈巾，她还没听清旁边有个男同事问什么然后马上脱口而出“卫生巾啊”，我去，好尴尬，他接着说“大家都是成年人嘛”。。。第一次碰上这么直接的男同事。。,思清唯一,,
下班房门打不开，还以为走错了楼号，硬是下楼确认了一下，没有错。初步判断门坏了。终于，费了好一番功夫把门打开了，为了再次验证一下我的观点没有错，再次把门关上，果然，门又打不开了……智商被狗吃了，此时的心情，万马奔腾！,以污会友。,,
上班的幼儿园新铺了草毯，我对小朋友们说:大家可以在在草毯上爬一爬，滚一滚，尽情玩吧！我孩子说:像狗一样？原谅我实在憋不住笑吧，童言无忌,真某想好,,
一万年没发过帖子了，割鸡割鸡。朋友自嘲自己为中央空调，旁边女性朋友不屑的看了一眼说:中央空调？就你这身高，顶多就是个地暖。,零度的微笑。,,
认为最悲哀的不仅是找了一个女票还得继续天天撸，而已连说心里话的人都找不到!悲哀呀！工作还特么那么辛苦,一根负债累累的枪,,
现在的糗百真有意思，话题讨论里有个话题竟然是：陈思诚出轨，你怎么看？     我怎么看？我还能怎么看啊！如果网上有的话，我当然是赶快下载看喽。 嗯哼，挑挑眉，你们懂的。,,,
感觉最近有点肚子，来健身房锻炼一下。看到有个Man一边举哑铃一边照镜子，我就问他：“你的八块腹肌是怎么练的好棒啊”，他欣赏着镜子里的自己，对我说：“我的身材天生就这么好，我只是来这里秀一下”,好看的大片子,,
每次来大姨妈那几天，到晚上睡觉时无论多注意，都会弄到床单上。直到后来我想了个办法，垫上姨妈巾后在尾椎的位置再垫上两三张双叠的卫生纸，保证不会弄到床单上。真的我已经实施了三年多了，量再大也不用担心！,,,
一张图片表达的我心中所有的心酸，20多岁居然秃了,A——杰,,
这两天北京没有雾霾，早上起来晴空万里！讲真，这都是我的功劳，是因为我没抽烟，我要抽烟，早上起来北京连太阳都看不到！,落花飞雪0403耀,,
老板的媳妇下午生了，老板发了一条母子照片的朋友圈，本来想讨好讨好老板评论真像嫂子，尼玛看也没看打了个真像傻子，不说了，写辞职信呢！,就是你烦爺,,
我终于知道为什么那部武功叫葵花宝典了，因为练功的人最后都会菊花变葵花。金老先生的书果然博大精深！,还是朋友吗？0991,,
"家居店，我跟一个美女站在一起。,我坚定地说：这辈子我要定你了！,美女问：你确定？,我郑重点头：我确定！,美女：好的先生，这被子三百块！",终极X匿名用户,,
"今天在公司又犯了一个常见的低级错误，,经理:我说过的话你都记住了吗？,我:记住了，,经理:还在犯这么低级的错误，你记住的是狗屁！,我:是，是，是，领导说的是！",丿秋风落叶丨,,
同事老家带了两袋柠檬来公司，一袋约一百斤。只有有我一个男的在，然后我就扛着上楼，走到二楼，两个女的在聊木耳的N种吃法，我忍不住笑，然后就岔气了摔倒在楼梯间！,没船的船长,,
"昨天，部门聚会。,领导来敬酒，我们都痛快的喝了，领导只是做了做样子，正准备走的时候。耿直的我站起来对着他说，×总，你常说把我们当兄弟，这杯酒是兄弟我敬你的，说完，一饮而尽，这么多兄弟看着，你可以随意。今天进公司就听到有同事说，某部门有个二楞子把老总给灌醉了，谁不知道领导来敬酒，都只是做做样子的，那二愣子却当真了。,唉，这领导真不行，才七八斤酒就喝趴下了。",向南就看北,,
"我爷爷去世已经一年了，还有几天休假回去上坟。以前接他电话总是怕接，嫌啰嗦。,现在那个号码再也没有打来过，想听一听啰嗦也听不到了，我现在最害怕的就是回忆他在世的时候，不太敢去想，现在说这些便流泪，喉咙里酸痛酸胀，泪腺一瞬间变的发达。,会有人说矫情，那是因为你们没有失去过最亲最亲的人，有人会说何必来这里诉说，那是因为你不懂失去最亲的人之后那些情感你不知道该跟谁说，也许手机码字才是最好的倾诉。,这些字一个个显现的时候我看着它们，眼泪一发不可收拾。谁能感同身受...........我很想你啊,我想回到过...,查看全文",请叫我螃蟹,,
一家人围在电脑看白娘子传奇，我七岁的儿子看到白娘子变成蛇那段说这是因为竹叶青的毒发作变成蛇的，说的头头是道告诉我白娘子是条好蛇，不吃人，让我给他买条这样的蛇做宠物…买条白娘子…哪里卖！,大漠没有谣,,
以前老觉得糗百好熟悉，想了老久才想起来，糗百就像以前的短篇故事会！！,恋上这里,,
"说一真事，，，我爸一直对我一个哥们有偏见，他这样给我妈说,“你知道你儿子都交那啥朋友，比你儿子还懒，我去他卧室一看，比你儿子的床还糟糕，你儿子起床后被子最起码还是卷个洞。早上起床爬出来，晚上钻进去就能睡，他那朋友那被子直接扭成麻花，晚上睡的时候还要找反正，，真是猪找猪，狗找狗”",石榴裙下的骚年,,
和男友做过最二逼的事就是，我碰他胳膊一下，他碰我胳膊一下，我又打他胳膊一下，他又打我胳膊一下，打来打去，我强忍着眼泪，打来打去，谁也没服，最后把我给打哭了……,小玉玉玉玉玉玉玉,,
"楼主平时不怎么给我家小妖精吃太甜的东西（背景）。。。。。。前几天小妖精有点拉肚子 就从医院拿了点药吃 开始楼主以为是苦的 还两个人共同作战 没想到喂了一口 她居然抱着杯子咕嘟咕嘟几口喝完了......自此以后只要她看到类似药包的东西往杯子里倒 她那小短腿就风火轮似的窜过来,我怎么会生这么个吃货。。。。。。",小小西西瓜,,
那一天爸妈吵架   然后我在旁边看着   我妈突然看着我对爸爸说   你在给我吵吵我就让你失去亲人的滋味  老妈说完转身去拿一个瓶子过来  一把把敌敌畏塞我嘴里了   亲妈啊。,Coquettish阿玲。,,
在这智能手机和网络盛行的年代，用信纸写信仿佛是上辈子的事了。不知为何我倒是挺怀念那段青葱岁月。悄悄的将自己的心事诉诸笔端，然后盼望着友人的回音。收到回信之后难以抑制的喜悦，以最快的速度读完回信再慢慢回味。忍不住又开始给友人写第二封信。就这样循环往复，直到某一天我们成为彼此的回忆。,阳春佐罗,,
现在组织里的暗号也太那啥了吧，刚才在微信群里说天王盖地虎，整个群一半人都对的上暗号，然后在问，组织里的？结果一个都不是，现在这暗号还有毛用啊,触碰心灵的语录,,
多年的感悟，发现身边没有可以倾诉的朋友，同事就是同事，很多心里话，一说出来，日子久了，就能从别人的嘴里传到自己的耳朵，远方能谈心的朋友，却不了解自己的现状，也很难理解。算是一种现实的悲哀,,,
刚不小心张嘴吃进个蚊子或什么小虫子，惊得我手抓着喉咙干瞪眼，待回过神，我脑抽地来句：悟空，你又调皮了，快出来吧……哎，没救了,孤独D2D,,
"傍晚在镇上住的，闲来没事下楼溜达看见个妹子在路灯下哭得好伤心，出于好心我就问她怎么了，需不需要帮助，然后她说跟男朋友吵架了，一个人跑出来了，身无分文。我看着挺可怜得就领回来了，然后不经意间知道了她男朋友打她了.我就脱了她的衣服，想给她的伤口上药酒，但是还没上呢，你们就来了。,警察同志你信我啊，我说的都是实话！！！",屌丝命~土豪梦,,
真事我了去了，刚才卫生间看糗事，把烟头要丢到马桶结果光注意手机了，一下烫到jj了，没想到这糗事会演在自己身上,黑曼巴的爱,,
中午去逛超市，看见一美女吃力踮起脚尖拿货架上的东西。我过去搭讪问道“要帮忙么”？她害羞点了点头说：谢谢。我踮起脚尖，发现也够不着……,效率啊,,
小侄子5岁了跟奶奶一个房间睡，准备让他自己睡，他说我还是小孩子，我还没长到100岁，怎么能让我一个人睡觉。现在小孩子逻辑思维好成熟,陈莉丽,,
今天去超市买东西，买好出去付账的时候，突然来了个服务员，他说先生收银在这边，一般超市收银员都是女孩子，我走到收银员那里，我问你手银吗？舒服不舒服，结果TMD被骂的狗血淋头。,独孤迎风八百里,,
"取名禁忌：姓马的不能叫蓉，姓赵的不能叫高，姓秦的不能叫桧。。。,他们之所以能千古留名，皆因他们触碰了时代最敏感的神经。,秦始皇代表最高权利，而赵高偏偏触碰了；岳飞代表民族英雄，而秦桧偏偏触碰了。,宝宝代表了我们这个时代每个屌丝心中醉美的梦：原来屌丝也可以有名，有利，有娇妻，有爱子。。。而马蓉，打破了数亿屌丝心中的梦。。。！,金莲弑夫，罪大恶极，却尚有唤醒时代女性自由之心的大功德。,马蓉所为，除了唤醒时代女性不择手段追名逐利之心，除了令天下屌丝心寒不已。。。有何功德？",来奥来,,
"团购东 北大拌 菜，和小美女一起看，看的我俩津津有味哒，她突然对我说:“看把你馋的！”“我的表情表现的很明显么？”“哦……表情掩饰的倒蛮好，看不出来啥，但你的哈喇子滴我手机上了！”呃……,胖香",莫纳~纳花依然,,
"大学和女友异地恋，放假去找她，对是路痴的我来说真是历尽千辛万苦。宿舍找到她，看就她一人在，我一脸认真的说：在我们路痴眼里，一条路正着走和反着走是不同的，白天走和晚上走是不同的，你们这些正常人是永远无法想象，我是怎么把一条街都能看成，横看成岭侧看成峰的魔幻效果……,女友不语撕掉衣服躺在床上道：来，路痴，我看你会迷路吗？？      我擦。。。,莫纳~纳花依然",音晴未雨，流星,,
逛淘宝突然想淘宝上会不会有卖棺材的，就搜了一下，还真有！可是接着好几天一打开淘宝，就向我推荐花圈寿衣骨灰盒……尼玛啊，我真想剁手！,a阿姨吖,,
看到第一次坐飞机的段子。相想我第一次坐飞机去斯里兰卡，英文不是很好，空姐送餐的时候问我喝什么，虽然有点渴但我装作很深沉的样子摆摆手，结果剩下4个小时的时间，我渴的没办法了去厕所洗手盆洗了手沾了沾唇。（北京机场不上带液体上飞机）。到后来坐飞机，哈哈哈，连餐叉我都给偷走了。,。要啥自行车,,
你们说，西游记里的沙和尚，担子里挑的是什么？你要说是衣服吧！他们从来没换过衣服，要说是吃的吧！他们每次都去化斋。要说是土特产，为什么见到如来佛求去真经后，还要挑回来。我猜是麻将,愿意不愿意。,,
今天中午，我在面馆吃饭，听到有人说，他那个小兄弟命里缺水，叫刘浩雨，旁边人说不行，一个村的有叫的了，所以，他让帮忙在想一个，姓刘，缺水，水越多越好！,若相守ぃ卟離,,
期末了，今天好不容易考完试，却要阅卷，各种答案使劲冒出来，话说阅读题，最后一问一般都发挥空间比较大，问“你喜欢猫头鹰吗？请说出理由”然后一个答案是“喜欢老鼠，因为老鼠会被猫头鹰吃了”顿时反应不上来,半墙绿藤,,
上中学时有一年冬天发小感冒，陪她去学校后面的诊所打针。一般打针都是把裤子褪下露半个屁股，打完大夫就会随手把裤子提上，那次打完，发小一直嚷嚷说屁股痛，让我帮她看看，我去，针头还在屁股上挂着呢！,^O^污力满^O^,,
只为你的一笑,,,
"我的朋友圈今天被刷屏了，多少娃娃会被男女双打。。。。。。。,本周重要的三件事[捂脸][捂脸][捂脸],1、陪娃复习要沉得住气，切记娃是亲生的，他不会，是因为遗传于你！,2、周二考完试别问考的好不好，先给娃一个大拥抱，再请娃好好吃一顿，毕竟他也辛苦一学期了！,3、出成绩切记要淡定，控制好体内的洪荒之力！,这个世界上最宽广的是海洋，比海洋更宽广的是天空，比天空更宽广的是考试范围，比考试范围更宽广的是看到娃成绩时家长的胸怀！",粉兜丫丫,,
晚上洗脸刷牙，洗面奶和牙膏都是白色皮的，然后刷完牙，拿起洗面奶就放牙缸里，一气呵成的把刚刚用过的牙膏挤手上搓泡泡准备洗脸……好在手心传来阵阵凉意，不然真用牙膏洗脸了……,"个性,飞扬",,
不算糗，有点长，今天小外甥在我家把杯子摔了，估计怕我说他，就自己把门锁了，完事我去叫门，自己开不开了，最后好不容易开开门了，我问他口渴不，他说舅舅我不喝水，我就逗他，我给你倒水吧！外甥说不喝，然后中间各种墨迹，最后才承认自己把杯摔了，我问他杯子在哪，人家告诉我床底下一点沙发下一点，茶几下一点，电视柜下一点…估计怕我说他，自己把摔碎的杯子藏了，我小外甥才4岁啊这不是要成精么,你好！单身汪,,
周一上化学课的时候我有点饿，然后就拿着烧饼吃，吃完想起来还有个苹果，就开始啃苹果。化学老师在上面看着，我俩对视一眼，我继续啃，他往旁边看。周二的时候……上课前拿出来苹果准备一边看小说一边啃。然后……我就又看到了化学老师，就听见他说：小姑娘，昨天上课你也吃，今天上课你还吃，上我的课你是有多饿啊？,美如戏子,,
"前提：年会上主管派我去给领导们敬酒；,我：为什么是我去呀！,主管：组内就你能喝白的，不你去谁去；,我：有好几个股东一年到头才能看见，我不认识 要不你领我过去介绍一下；,主管：卧槽！我过去不就成了“陪葬品”了，再说我也不会喝白的；,我：敢情是要我去“送死”啊！ π_π",听风-听雨-听呻吟,,
石家庄车牌冀ADQ637车主是个女的，在外面约情人，而且还不止一个，如果这女人的老公也看糗百的话，哥只能帮到你这儿了，不为别的，只因为很讨厌这样水性杨花的女人！,（乳）来伸掌,,
老婆打工回来了。儿子零花钱涨到一百也不肯下楼。,月经常挂在空中,,
刚才做梦梦到曾经的她了，醒了就睡不着了。这么多年了，在梦里已经梦不到她具体的样子。只能感觉到，还是哪个人儿！前几天胖香喝过酒说了一句话，到现在我还忘不了。她说:不是不想爱，只是怕再受到伤害！付出了全部，换回来的只有背叛。发这里不是想多少人看到。只是不能发朋友圈儿。又想把这些话说出来。,八二年的纯甄,,
"第一次发糗百，还请各位糗友不要手下留情^_^,今天下班看一路看糗百回家，完全不理会地铁拥挤的人流～,而且你会发现时间过得好快～,就比如说我吧，半小时前就蹲在家门口看糗百了，到现在我还蹲在这...,钥匙是什么鬼？有糗百好看吗？",五笔搜狗。,,
今天女票跟我说，她从幼儿园就是班长，小学，初中都是三好学生，大学门门功课都能得A……我遇到她是我撞大运了.我一时糗百精神上身说，是是是，你优秀，你优秀到胸都是A。,对的妳在哪,,
我哥是个爱说脏话的人，谈了个书香世家的女朋友，父母都是斯文人，在去女方家拜访前，女朋友一再嘱咐我哥，一定要注意说话，千万千万不要说脏话，我哥也严格要求自己，精神高度紧张，到了女朋友家装的跟个鹌鹑似得，好在装的像，女方父母也挺满意，宾主尽欢，终于到了告别的时候，女方父母依依不舍的送出门，出了门我哥心里一放松，张口就来了一句：快他妈回屋吧，瞅你俩冻得那嘚嘚瑟瑟逼样。后来～就没有后来了～我现在也没有嫂子～,绾青丝。。。,,
前段时间为了摆脱老爸的纠缠，我就忽悠说有女朋友了，结果他为了准备我结婚，卖了套房子，老子今年都不敢回家了，草！,寂寞成瘾。。。,,
理想很丰满，现实很残酷！,苏仙岭观日,,
"看了那篇年轻妈妈带着一双儿女跳楼的报道,虽然已经是新社会了，男人们也渐渐更懂得尊重和理解女人。,但不可否认，也有一部分男人还没有成长起来，无关年龄，只是心态。,心疼那个年轻妈妈，也许我不能完全体会那种感受，但是也能理解她所忍受的煎熬和痛楚。,人生苦短，珍爱生命。,希望我的婚姻，聚也好，散也好，我都能不忘初心。,好好爱我的妞妞，好好的快乐生活。",假如，真有天意,,
"到药店,我:买一瓶医用酒精。,店员:9块9,我:10块,一手钱一手货。,然后我站那里等了半天，等着找钱……,良久，店员看到我没走，问到:还有事？,我:找钱啊……,店员:我说9块9，你自己说的10块，给了我10块，还让我找？？？,我:……",醉入韶年,,
"昨天晚上看《舌尖上的中国》，结果半夜饿的肚子咕咕叫；今天吃的饱饱的接着看，还不到一个小时呢又饿了……,肚子咕咕叫，难受谁知道？",包子＊小狗不理我,,
"我媳妇儿在某培训机构当客服，需要向家长登记学员姓名，“我们这边咨询需要登记一下您孩子名字，请问您孩子叫什么呢？”,“Li Bang”,""请问李是木子李吗？"",“是的”,“bang呢？”,“嗯。。。。。。。。棒槌的棒！~哈哈哈哈”家长自己不蛋定的笑了。。。",我叫王大锤！！！,,
跟儿子看电影因为是外国片听不懂所以儿子不想看，我自豪的说:没事妈妈给你翻译（我其实也听不到）电影开始全是打斗的画面所以我一直在陪哼哼哈嘿的配音，打斗结束第一句话说是把抢放下！儿子高兴的跳起来说妈妈我能听懂原来我英语那么好哦，我瞬间懵了？,jd幺幺之紫霞仙子,,
这顿饭吃的特孽心……,Duza肚子,,
明天就考试后天就放假了呢。,Sunshine0-0,,
看看咱圈里人的觉悟,笑别人，别人笑,,
今天早上         我在床上躺着呢，两岁多的儿子在和我闹，用脚踢到我的眼好疼，我就装佯哭了两声，认为他会安慰我一下，谁知传来了两字＂我跑＂睁眼一看，已经跑到客厅了,风大了，雨下了。,,
"有一年年底了，老板请工友们吃饭，大概十几个人吧，去的川菜馆。让大伙点菜，工友们都推辞:哎呀，随便随便，老板点啥子我们吃啥子！,于是老板拿过菜单（薄薄的一张A4纸）手指一划拉:“嗯，这一面炒了，翻过来……哦，这一面也炒了……”,嗬……服务员和我们那个表情啊…(⊙x⊙;),.",昭昭白玉堂,,
这就尴尬了！,若爱，请下载,,
昨天男朋友说想吃火锅，然后我就去超市买了好多吃火锅的菜，刚好有玉米，我比较喜欢吃玉米，就多买了几根，然后昨晚吃的时候他就问我，你男朋友味道咋样？没啥异味吧？,画上青衣う墨染,,
有个事吧，想问问大家了，就是糗百这里有个陌交软件了，我下载了，注册了，想脱单了，可是碰到的姑娘没怎么聊几句就要求见面了，困惑,痞子大大叔,,
我才一顿吃五个而已………,为什么非得起名字才能进糗百,,
最近几天忙着种土豆，耙完地要放线，我从线上踩过去留下一条直线，我还跑的挺欢，老公就说了看你给个小猪样，踩过去脚印那么深。。。当时我就下不去脚了，胖咋滴，全是吃你家饭。。冬天谁还不长点肉抗冻抗冻,小甜瓜？？,,
初恋生了个闺女，九斤半！！终于有希望了,异地翔,,
开夜车经常遇到不关远光的，先闪两下提醒对方，遇到提醒了都不关的，远光直接照过去。来呀来呀，互相伤害呀。,特么想个昵称好难,,
前段时间我家附近各个路段的井盖总被偷，前两天去城郊玩的时候，低头偶然发现井盖上写了四个大字“小偷勿偷”当时就在想，谁干这么缺心眼的事。结果过几天井盖又不见了，就剩下个井啊井旁边用粉笔写着“警告无效”,小丫头骗子i,,
"记得04年上大学的时候，手机还不像现在这么普及。,寝室联谊活动，一个男生有点小帅，活动后就去打听他的号码。人是这么回答的：不用那玩意儿，烧钱！,当时瞬间就觉得自己太不懂事了，太铺张浪费了，太可耻了，居然用手机！,现在想想，他tmd不就是穷么？还说的这么义正严辞…",哎呦喂哒哒滴,,
"MD！这么大人了，中午午休的时候竟然可耻的做春梦了，可耻的还是对象是单位新来的小姑娘，TM还没进展到最后一步就被电话打醒了，下午给我拿文件的时候看着她感觉尴尬啊，然后我就可耻的在这边匿了,朋友要给介绍女生我还拒绝了(╥﹏╥)",,,
"吃饭的时候，听见旁边桌那男的说:真他吗狠，一下子就给我 掰 过来了，女的说:不一下给你 掰 直了，时间长了，你就受罪了。,自从看了糗百，我总喜欢什么事都多想想～～后来，那男的一句话，让我一口水都喷了出去，那男生说:你说大夫怎么就不信，我这手是让你一屁股坐扭的呢～～～",烟花半夏*,,
不怎的，今年春节特别着急回家，或许是父母年龄大了，或许是自己在外面累了。,king101,,
肿瘤医院的一个主任玩朋友圈，看到微信推送的广告，然后他评论:请不要在学术探讨的地方发广告，谢谢,系不系,,
今天听了首青青河边草，瞬间邪恶了有木有，瞬间想到野战了有木有，糗百害死人啊,木头爱曾杨朋,,
以前读初中的时候，我们初三要补课           有一天班主任就我们帮学弟学妹们搬凳子，累了我们几个就靠窗边休息。另一个班的女同学正好体育课就在澡堂里面洗澡，露天的那种。我们一直看，直到班主任以为我们偷懒过来看了一下就赶我们走，丫的那帮学弟都特么看一年了愣是没老师发现么‘我们看过之后就盖上了’,困兽兽兽,,
没有后盾真的是做什么都不方便，也没底气，如果有能力我今晚就拼了，真的是懂太多也不好，怕这怕哪，前怕狼后怕虎，没用处，我什么时候能自己做主一回，什么都不管，什么都不用想？？？好累好累,,,
甲，我现在最怕老婆问，你到底爱不爱我。已，为什么？因为老婆要是这样问了又要买东西了。,往事随风。，。,,
楼主大学狗 最近才谈了一个女朋友 性格很开朗喜欢和男生闹，，，和我关系很铁的兄弟和我女朋友关系也很好 我俩在一起他也帮了不少忙。。他两因为坐的近 经常一起闹 闹得多了我也有些吃醋 但也不知道怎么该怎么表示 问一下。。我该怎么办,花落念伊人红妆,,
"本周重要的三件事：,1、陪娃复习要沉得住气，切记娃是亲生的，TA不会是因为遗传你！,2、本周内考完试别问考的好不好，先给娃一个大拥抱，再请娃好好吃一顿，毕竟TA也辛苦一学期了！,3、出成绩切记要淡定，控制好体内的洪荒之力！,这个世界上最宽广的是海洋，比海洋更宽广的是天空，比天空更宽广的是考试范围，比考试范围更宽广的是看到娃成绩时家长的胸怀！",梦语小糗,,
真的好巧哦…,颜卿卿,,
"【转自朋友圈 很痛的感觉】,当我无意间注意到他踌躇许久后独自一人在阳台上寻觅半天找到一支半旧的撑衣杆然后艰难地伸进背后挠痒痒时，我发现我们的爱情好像出现了问题。",这么有内涵的话我居然也秒懂,,
晚上吃火锅，旁边桌来了一群小朋友，一来就是喝啤酒，现在的小朋友真的是，哎,僵尸泛泛,,
前几天在网上买了个电子产品今天到了，想着按照以前的买的（外观比较像）然后就比较自信地打开了结果怎么按都没反应，然后就找客服投诉说怎么寄一个坏的过来客服吧啦吧啦的说了一大堆然后自己仔细一看原来是搞错了…大家有没有这样的,喵了个秒,,
总有人问我为啥这么瘦，我笑了，别人是能吃一口就再吃一口，我是能吃一口就只吃一口，这结果能一样吗？,此生遇见来世擦肩,,
在你拒绝我的那一刻，让我觉得心痛不已，世界忽然一片空白。心中浮现出我们的点点滴滴，你的好在这一刻全然崩塌，那么好的你为何会拒绝我.........为何要拒绝给我按时发工资，老板，你不知道我捱到月底最后的防线只有这一天吗？,花痴痴颜无颜,,
家有2货媳妇一枚，那天突然深情的对我说：老公 我想吃飞利浦的巧克力。我是不是被骗了，心好累。,熊熊的暴脾气,,
"有多少人不知道中性笔笔帽上的小孔是救命孔，是强制留的，防止小朋友吸入气管造成窒息的。有小孔的话就可以在气管通气，就可以有救命时间了。,个不符g合",Scpryu,,
教练说，怪我咯,超猛男,,
老家农村的，村子里的大小路都会有鸡鸭，鹅什么的，骑个车子过都不跑，怕轧着了，嘴里都会大声（发出类似“去”的声音）的驱赶。今天开车载着老爸从街上回来，车前一群鸭子，我开始减速，快到跟前时。老爸身体向后仰，嘴里还大声的“去-……去……去!……。我回头看看他，他看看我说：我还以为骑车子哩!当时我就没憋住，笑了一天了!,？1？2？3,,
这两天为了我的邮箱密码折腾死了，前两天心血来潮改了sina邮箱密码，好了，现在一点都不记得了，然后申诉一直通不过，nnd，我多少账户绑的那个邮箱，我大糗百也不例外哇，哭死。,头痛帝,,
我表哥前年去相亲，是我一同学。谈了一个月，我表哥不愿意，吹了！同学没放弃，倒追我表哥。两年分分和和两三次。我前几天听说他们要结婚了，日子已经定好了。首饰已经买了婚纱照已经拍了。我们就等着吃喜酒了。你以为这就是结局吗！！！！今天刚收到消息，不用去吃喜酒了。他们又吹了.....,我叫王大锤！！！,,
前几天放假出去玩。走着走着前面堵车了，看样子要等一段时间了。恰好我右面有条仅容一辆车通过的小道，我想反正是等着，不如看看能不能绕过去。打方向就过去了，七扭八拐走了一千多米，前方一片麦田，居然没路了。我下车一看，天啊，后面竟然有八九辆车跟着来了，后车下来位兄弟一看情况说：原来你也不知道路啊，还以为能跟你绕过去呢！大家都是一样的看法才跟来的。没办法，只好后队改前队，一排车浩浩荡荡的倒回去了。糗不糗？,深入浅出糗,,
听说甘蔗便宜，在水果市场买了一捆，到家第一件事就是开始嚼。连续嚼了两根才满足。后果就是，不是过敏，也不是牙齿疼，而是一晚上被尿憋醒3.4次。,向南就看北,,
今天无聊和一朋友聊天，聊到去哪里旅游，我说去海南，他说去大理，最后两个人拗不过，他说，不去海南也不去大理，我知道有个地方很好玩，而且很便宜有山有水，还有小动物。于是我高兴的整理了一套衣服，就在准备出发的时候，他说，我到了，你快点，我问在哪里，他说，召唤师峡谷。,善良的傻子。,,
"暗恋的帅锅：“你说为什么冬至是离太阳最近的日子，冬至以后还会慢慢变冷？”,我：“感觉是因为大气层的保温作用，跟晚上12点不冷而是凌晨三四点最冷一个道理，大气层导热慢。。。”,帅锅：“。。。”,我错了，我错了，我应该小鸟依人的说：“为什么？。。。”等到下文后再补：“哥哥你好厉害哦，好崇拜你哦。。。”,哎，单身的日子好冷。。。",百度一下-,,
给女同事买了几瓶水，然后其他同事说我追她，然后慢慢我也就觉得我是在追她，但是她不同意！！！！求解,三生三世傻不拉几,,
捷报：中国再次完胜日本，与马来西亚铁路衔接公司在京签署了马来西亚东部沿海铁路项目合同，合同金额约745亿元人民币。中国将通过马来西亚进出口银行，为明年初破土动工的马来西亚东海岸铁路项目提供550亿林吉特(约合890亿人民币)的低息贷款。这是捷报吗？745亿的工程动工前先借他890亿，我们帮他建高铁再给你145亿花。我们为什么工资这么低、房价这么高、医疗落后、教育跟不上？因为我们的钱都给别人花了！,嘿！社会,,
说的没毛病，,翻滚吧！蜗牛,,
在厦门旅游，今天下午我们团在一个特产店，看到一个治鼻炎的中药，导购说是藏药，问他价格他说八块五，我们没人抓了一点点，那导购立马拿过去给打粉，边打边说“已经打粉了，不能不要”然后说总共一千六，我就蒙了怎么这么贵，那狗导购说:八块五一克。我竟然也被青岛大虾了！出来后网上查，还查不到那药，不光被宰，还被骗，我今天算倒霉到家了！旅游的心情一点都没了！,阆苑仙葩。,,
"酒桌上，几个铁哥们瞎扯淡起来,小李:“我有条件反射，听到口哨声就尿裤子！”,小张:“我也有条件反射，看到搓衣板就有下跪的冲动！”,小王:“我条件反射更明显，每当半夜我听到开门声就想跳窗逃跑”",曾经的兵哥哥。,,
某天儿科门诊，一对年轻父母抱着一个5月大的baby急吼吼闯进来，母亲一看就是文化人，叙述详细而冗长，父亲估计听急了，打断老婆道，医生，我儿子菊花上长了很多痘痘你快给看看？菊花？菊…要不是带着口罩我嘴都笑成棉裤腰了，旁边的助手脸都憋紫了…,葡萄小房子,,
就刚刚在外学术厅开散学典礼的时候看空间，看到空间里一个人发了段对话是撞鬼了，当我把内容看得要完的出现了一张恐怖的图。吓得我当时就尖叫起来了，还好椅子高，不然不晓得躲哪儿，毕竟100+多个人都在看我。,猫小闹。,,
"儿子最近早出晚归，为这没少挨K。标准割--,今接儿子放学，儿子心情超好，愉快的给我谈起了他的小营生。蚱蜢会飞的一块五一只，会跳不会飞的两块钱一只，会跳会飞的五毛一只。超大的最多可以买到七块。。我问他，这些价格谁定的？他说是想买的人，当然，要想快点出手，也可以便宜点。今天我买了5块钱。,原来这段时间早出晚归都是去捉蚱蜢蟋蟀去了",煮妇%%,,
突然想到`望梅止渴`这个故事，其实对于一个吃货来说，在又渴又累的时候不管你说前面有什么，只要是能吃的都会拼了命的往前跑的,小圈圈圈圈圆圆,,
"儿子妈妈想吃香蕉儿子四岁,嗯跑出去端来了,吃吧给你泡好了",安然观天下,,
上大学的时候 一天楼主从外面回宿舍 见一室友狼吞虎咽的吃着泡面 一边还看着手表 我笑着问他“吃那么快干嘛？你女朋友叫你出去？”那哥们回答道“不是！我得赶紧吃完 马上就到保质期了。”,西槿先生,,
"这个人是个人渣中的人渣,李建平,你赌博你老婆一再的原谅你给你还赌账，不为别的就是想你能改，可是换来的是变本加厉的赌博，在外面不知道借了多少外债，什么话都听不进。把和老婆一起创业弄的店买了，房子抵押了，孩子也不管。最后丢下一句不行离婚，你他妈的倒是离呀，说好离婚，到去了就变，你个贱人倒是有点骨气呀，气的老婆出去打工了，你把你老婆骗回来说是自己要出去打工，原来是借的外债太多了，又和别的女人搞到一起，要跑。害怕你老婆去找人家还说不要去找人家害怕对家人不好，说那男的不好惹，人家不好惹，你有本事去睡人家老...,查看全文",OMG贝儿,,
老公喝多了，回来发酒疯，非要唱歌给我和儿子听，那鬼哭狼嚎的声音简直跟案发现场一样让人受不了，吓得儿子都不敢睡觉了,我得过且过,,
本人喜欢看小说。今天网上发帖，说帮我推荐一个修仙的小说，在线等。过来一会看见一奇葩回我，《西游记》    哦尼玛,信仰啵啵,,
麻将桌上的春节让年味变得越来越淡，往年的热闹早已不在。哪里还有当年的气氛……,小洛恩的干爸爸,,
今天早上去买早餐，一个上夜班的大叔突然跟买早餐老板娘说快点给我来一份早餐。老板娘说等一分钟。大叔来了一句，我一分钟都可以梦到我赚了几百万了。,懒球cc,,
公交车上，一个年轻的女子靠在一个男人肩上睡着了，这是一个故事；公交车上，一个男人靠在一个年轻的女子肩上睡着了，这是一个事故？,雪糕疯了,,
记得以前在小饭店吃饭，菜谱上有一道蚂蚁上树，多新奇的菜呀，可不能错过这舌尖的诱惑。lz毫不含糊就点了这个菜。在期待中菜经由女服务员的纤纤细手，灵动地落到了桌子中央。lz定睛一看，肉末粉丝，再定睛一看，还是肉末粉丝。曾经吃过多少回肉末粉丝，早就吃腻了的菜，并发誓相忘江湖，没曾想，换了个时间，换了个地点，还换了个名号，又一次狭路相逢了。悲催!,可以淡泊不可淡薄,,
昨晚厂里这只猫捉了一只老鼠，在下面玩了一个多小时，我也在三楼阳台看了一个多小时。,BB草泥马,,
你错，有人包容你，这就是幸福； 你累，有人心疼你，这就是幸福。 幸福不是你兜里有多少钱，而是，谁能把兜里的钱给你花，幸福不是你能左右多少人， 而是多少人在你的左右！其实，深厚的感情没有那么多语言，更多的是一种行动的体现。真正在乎你的人，看不了你难过！更不会让你伤心！懂+爱+包容+心疼=幸福,喝。酒,,
亚洲只有0.5个世界杯名额的时候，中国亚洲第1，输给新西兰。亚洲只有1个世界杯名额的时候，中国亚洲第2，输给卡塔尔。亚洲只有2.5个世界杯名额的时候，中国亚洲第3，输给沙特。亚洲只有4个世界杯名额的时候，中国亚洲第5，惨败伊朗。当亚洲有了4.5个世界杯名额的时候，中国亚洲第8，第二轮小组不出线。当亚洲继续有4.5个世界杯名额的时候，中国亚洲第18，第一轮小组不出线。2026，当亚洲有7个世界杯名额的时候，中国回到亚洲第8，中国足协宣布，中国男足有了很大的进步！,我要升华,,
总算是可以枪毙他们了！,做多了a梦,,
现在的有些人，他们太相信别人。我一表哥，他和别人打架，约好了地点单挑我表哥居然一个人去了。对方起码得有十个人，差点把我表哥给打死。我表哥实在是太笨了，打架的时候居然不告诉我。别人说什么你就相信？反正每次别人要跟我单挑，我每次去的，至少带上二十多号人。名誉算个屁，我在意的是活着。,我被苍井空包养了,,
这么吃过的有没有,名不一定越长越吊,,
我做了一件疯狂的事，把我家户口本偷出来了，下面就看你的了,节操特么到碗里来,,
"石狮子嘴巴里球是怎么放进去的。,神评论，,这个球需要两个人配合才行，还要考验工匠的胆量、敏捷和智慧，雕好狮子后，一个人在前一个人在后，后面的人猛地跺一脚狮子的尾巴，前面的人乘狮子疼得喊'啊'的时候迅速把藏着的石球塞到狮子嘴里，动作一定要坚决迅速，只要石球塞进去了，狮子就没法子咬人了，所以，看到做好的狮子千万别去吓它，万一它一叫石球掉出来了，那后果不可想象，转",吃鱼专业户,,
老公，谢谢有你的陪伴。一辈子很长，我希望以后每一天都有你的陪伴,我非洋葱为何无心,,
如果有人问我最怕做什么梦，我会说最怕梦见自己在上班，今天就做了这样一个梦，自己在上班上班上的好好的，忽然有人叫醒了我，问我怎么不去上班，我楞了一下，“”我不是在上着班么？”然后睁眼一看还在自己床上，看了眼手机，“00:20”，(我上班时间是23:30分），瞬间被吓的清醒了，得，一天的工资又没了，,sh平淡是真,,
昨天在中山路一新疆大哥那吃面，由于是临街没有厕所，我还是大号只能跑到边上的学校去，护理学院就是美女多啊，进去一路打听终于到了厕所，一泻千里爽的不行，事后发现没带纸，只能等下个进来的救我，问题来了，男孩学护理的太少，半钟头了都没人进来，我只能喊有人没，过一会真来人了，一帮女孩进来，听声音进来抽烟的，在男卫生间抽烟不会被抓到，这时候我弱弱的问了句能帮个忙吗？那几个女孩了解了给我一包纸巾，我说声谢谢迅速逃离现场。我不会告诉你这是我第一次上厕所用的湿巾。。。,我叫王大锤！！！,,
"单位上班，午餐自带，几个人凑一起边吃边聊，聊的兴起拿起饭叉子扎了块豆泡放嘴里，还没顾上把叉子撤出来就准备张嘴说话,只听“咯吱”一声脆响，门牙崩掉一个茬儿。最悲催的是牙医说没法补。只能安慰自己，总比那个吃仙贝崩坏门牙的朋友强些吧。",落水妞儿,,
晚上准备睡觉了，3岁的宝宝还在吃糖。我:晚上吃糖，虫子会吃你的牙齿。      宝宝:  没关系，我跑的很快，它吃不到的。,湘江水321,,
无题胜有题！(>^ω^<)…@…,绦子,,
"小时候有个小伙伴是富二代，每次找我出去玩都带很多零花钱，当时我很羡慕于是也跟老妈要，结果小伙伴在旁边很‘叛徒’的说道:“阿姨，我这钱都是平时做家务奖励的。”,“听见了没？你要是做家务我也给你零花钱。”老妈气哼哼的说完转过头问小伙伴:“你平时做家务都给多少？”,小伙伴:“扫地五十，擦地一百！”,老妈当时一愣突然温柔对我说道:“傻孩子，妈可舍不得你干活，来，给你五毛钱自己出去买根冰棍吃吧。”",我说她是金克斯,,
10月3日分手，元旦就结婚了。不是他找对象容易，而是他早就找好了下家。在一起六年，一直说没钱，没准备好，还不想结婚那么早。呵呵，原来他不是不想结婚 ，只是不想和我结婚罢了。既然不想结婚，为什么不早点坦白，一个女人能有多少个六年可以浪费？？？失望了一年又一年，终于死心了，放手了，可能人家还觉得我终于不再缠着他了吧！,,,
为了见三年没见过的小学同学大老远打车去看他，到了后告诉我在睡觉，下雨中等了两个钟……,乌龟哎,,
这个时间南京站，有哪位哥哥姐姐可以帮帮我啊，我微信转账，我要现金！审帖的大大一定要给过啊，急！急！急！,家里还有谢谢咯,,
"老弟上学回来瘦了好多，今天邻居来我们家看到老弟，说老弟瘦了，肚子都没有了，我最后来一句是不是找对象了，，，,我懂了，其他人我不知道懂没懂，,你懂了吗？？",一个巴掌一颗糖,,
这就是传说中的代沟么,翻滚吧！蜗牛,,
老公说:  等国足进了世界杯我们就离婚。女人流下感动的泪水，还有什么誓言比这个更有保障的呢？     转～,驹骑步,,
听说姨妈巾比鞋垫好使，弱弱的问一句我穿41码鞋，买什么型号的？,“耶稣”、,,
哦，老天爷，求求你下一场小鱼干雨吧…,颜卿卿,,
"转～～～～～～,灰太狼到土地庙哭诉：“为什么我一直捉不到小羊呢！”土地公显灵了，“因为你不够聪明！”灰太狼问：“我怎样才能变聪明呢？”土地公“多吃屎”！灰太狼：“你耍我？！！！！”土地公：“这是真的，你想啊，你们狼和狗是一家吧，狗为什么聪明，不就是因为跟了人，学会了吃他们的屎，才变聪明的！来来来～～我家厕所正好堵的厉害，你要不要试试？”灰太狼“……”",薄荷宝盒,,
"在村东头理发店理发，剃好后对着镜子看了看说:“张大爷！靠耳朵边的好像有几根没剪到。”,有点上年纪的张大爷说:“我眼睛有点花了没看清吧，你自己用手捏着我给处理下。”,说着就用手攥紧我的手一用力，应生生的把那几跟毛给拔了下来！！",独自一个人的故事,,
看糗百五年了，帖子也发过好多，基本都没过千！我总结了一下原因，主要是不会像老司机一样拐弯！,错过风景的眼泪,,
今天晚上给我爸打电话，他在那边说话含含糊糊的，我就问爸你吃什么呢？我爸生气的说我口腔溃疡，整天问我吃什么吃什么，呵呵哒，好尴尬,cindy秋,,
在湖南的德克士上班的时候，有客人来说，美女，来三份米粉。我回答，先生，不好意思，这里没有米粉，有汉堡跟鸡腿类的。然后他们转身就走了，还说这么大个店，连米粉都没有。这个就真的很不好意思了，是我们老板没有考虑周全。。。,呆萌君的小婷子,,
糗百 怎么会有这样的女生？,,,
昨天品质部的小美女去做了个发型，颜色染的有点深，一整天都有人向她打招呼:嗨！美女你的头发生锈了……,,,
当妈的心里有多崩溃,火云金侠,,
小时候跳舞，老师叫我们扎两个辫子用红绸缠起来，还说要立起来。回家就准确向我妈传达了老师的意思，第二天五点我妈就把我叫起来，开始研究要怎么把头发立起来。先在辫子里插了两根筷子，太长了后来换成了吸管，后来我就顶着两根热狗去上学了,念Winter,,
苦逼搬运工，太累，跟领导请假不批，今晚果断不去了。发个信息说明情况，领导让我进车间再说。明知道进去了就走不了了。。。唉，旷工一天三百，我的血汗钱。。。三百块，姐一个月工资给你们了，随便扣。。。姐有钱，姐任性。。。,狐狸眼℡,,
"老公一看见我就说他累了，就睡着了。,所看不见我，打游戏到半夜一点都不累,为什么",安然观天下,,
糗友们，本人于这月22号，开车回老家（苏州到天水），有顺路的伙伴可以一哦,OK抱抱OK,,
我外婆跟我说，我妈年轻的时候超多人追，拖人说媒的把我家门槛踏破了好几个，还经常有人守在我妈单位门口，结果我妈最后还是跟了我爸……这说明了什么？这说明了缘分天注定，主要靠忽悠……,你这是犯罪你造吗,,
出去买东西借了两百块钱，感觉今天状态不好，结果钱丢了。。。东西没买到，还走了十来里的路，冻死了。。。,莱昂纳多·裤衩,,
除了女朋友，现在宠物也有充气的了，出门带这种宠物省心多了…,颜卿卿,,
我是个没故事的人了，无论过往的情深缘浅还是情浅缘深，都只是我人生每一段旅途的驿站。珍惜眼前人、活在当下才是王道！,优逸^0^,,
开个皮城警备的妹子开黑啦？看图！字不重要,biu回来了,,
虽然是别人的，但是还是值得一笑，百度出来的,爆破鸡蛋,,
快过年了，本人开车从重庆过湖北黄冈，有没买到票的老乡可以联系我，可以提供2个位置，,没有两个汉字,,
妈你这样真的好吗,红烧好还是清炖好,,
说个笑话。俺妹妹上大班的时候，一次我们一家人在父母的卧室拉呱的时候，妹妹在床上盖着毛毯看电视，我问她12+6等于多少，然后就看她两个小手放在身后，看着天花板，一会脚丫子也动了几下，我们全家都笑了。,。要啥自行车,,
"刚刚看到新闻，学生的教材八年抗战要改成十四年了，靠，这本来是很严肃的事情，但但但…给我首先想到的是近些年的抗日神剧乱编乱写题材和时间不够用了啊。,缅怀在抗战中牺牲的将士先烈们。",与狼共舞对牛弹琴,,
忙乎一晚上的杰作，，，,苹果女孩棒棒哒,,
晚上吃完夜宵，不宜马上做剧烈运动，别问我为什么------胃疼ing,,,
这小店行啊,昂？？？？,,
笑死老子了 这手机是多不结实,匿名請话,,
没毛病啊！可我为什么笑了？,张鸿明,,
"关于陈思诚出轨你怎么看？,你妹的，有视频就脱裤子看，没有视屏我就想想怎么才能看",撸至深的师傅,,
能不能20块租个男朋友回家过年,xxq.byby.2m,,
就刚刚我问老公是鸡贵还是牛贵，老公反问我是什么鸡？哎你也真会想,百花丛中的叶子,,
是的…没错…,颜卿卿,,
充满了，想怎么花就怎么花，带上神评去浪，神评？神评……,冬日阳光158,,
老是和朋友互骂神经病……此为背景！              有次喉咙发炎买了咽含片，在吃，朋友问（神经）病还没好啊，lz说，治神经病的给你一片，然后他们都在笑，我是不是说错什么了,,,
"俩年前谈了一个女朋友江西的，刚刚谈没多久买了一部1200的手机给她，后来手机掉了编故事要苹果4s说她朋友看不起她觉得她用不起苹果，她朋友用的800的手机，买了4s2500左右，后来她想买电脑我给的2000她加点买了，中间衣服化妆品什么的就不说了，回家给了1 000父母回家，谈恋爱要取她，她一口说要10万，和她开个玩笑分期，脸色立马就变，月薪只有4500得我能说什么，我还是受不了动不动就和我她们钱的，今天她和我说别人男朋友送了6s多好，然后说你对我也不错，我只能说我对你仅仅是不错。过去了终究会过去...,查看全文",吧得白菜,,
前几天一个单位的熟人问我，为什么你老公那么丑，他姐那么漂亮了 ，我开玩笑的说：因为我老公生得时候是难产，夹丑得 结果那个人刚喝得半杯子水，全喷我脸上了。,一颗永恒的心,,
今天我朋友带着他那四岁的儿子来我家做客，到了饭点我拿了一瓶酒。和我朋友对饮，他儿子看到他爸喝的挺来劲，就问他爸爸酒好喝么？我直接说了一句和你喝的饮料一个味道。这小子拿着他爸的酒杯就一口喝下去了……喝完以后就说好辣好辣，就跑出去了，半天没有看到他儿子进来，我们出去一看已经躺在地上睡着了。不说了，我朋友拖着刀来砍我了！！！,孟婆汤来一碗尝尝,,
目前在公交站台等车，查了查酷米客公交到站还要挺久的，无聊开始刷糗百…………………然后， 我好像忘了我等车这回事儿了,干柴烈火烤鸡腿,,
15号开车回湖北恩施，利川，有同行的吗？我有车，还有俩位置，希望有驾照会开车的，自己开太累了,满嘴狗毛,,
"儿子随我，周末爱玩游戏，谁都管不了，叫吃饭能叫七八次也不见出来吃饭，后来他妈一做好饭就拉电闸，他还大吼小叫的，最后我干脆把电脑移到饭桌旁，让他边吃边玩，我和老婆吃过饭就吵架（假的），特噪音的那种，进行了三四次的样子，他悄悄的改了。,一到星期六就去他姥姥家玩电脑了。",中国养鸡专业户,,
那 一 夜 我 带 领 亿 万 精 兵 攻 打 她 的 城 堡 经 过 一 番 激 战 后 我 军 全 军 覆 没 时 隔 一 个 月 后 她 告 诉 我 还 有 一 个 士 兵 誓 死 挣 扎 没 死 并 被 她 判 刑 10 个 月 锁 在 了 在 宫 中 你 说 我 T M 是 劫 狱 呢 还 是 等 到 他 十 个 月 后 刑 满 释 放 呢 ？,追妞来嫁我,,
静夜思！！！,〇度..........,,
今天买了个菜椒，掰开之后发现……，怎么感觉像是一尸两命呢,郑州麦子,,
今天穿越，突然发现以前的糗百图没有水印，只有左下角一个“糗事百科”的标志，好怀念以前的糗百，都变了,第一王侯,,
意大利锡耶纳国际摄影奖近日公布了2016年比赛结果，下图为2016年度的总冠军↓——法国摄影师Greg Lecoeur摄于南非海岸，拍摄到不同的捕食者都在追逐沙甸鱼……,绦子,,
我可能走错了考场，但我提前交卷是真的。,亚西的小阿风,,
刚刚很自然的把洗发水挤到浴花上洗澡，汗毛好特么顺滑,空寂的情绪啊,,
藏好了，小心工具被收,男人四十花一朵,,
大傻逼哈哈,鲁帮主不撸,,
《七龙珠》心痛的感觉，小悟空年纪游山逛海，我只是被老师盯着放学了留教室里补背书做作业！现在有实力看龙珠却想说这是一部心酸史,joeya,,
"福州这两天微风轻拂，小太阳晒着，真是舒服！昨晚我和最好的哥们在一起喝小酒的时候，把签名改成了“风和”，这哥们看到了就跟我打起来了，他老婆小丽在旁边怎么劝都不行。他妈的，这是什么情况？,恋上这里",风规自远,,
今天在一家小炒店吃饭，有一个乞丐走进来，旁边一大哥马上把座位拉开让他坐下一起吃，乞丐吃完之后那大哥递给他一瓶水和100块钱说“哥只能帮你到这了”，那大哥走后不就服务员就过来了。。。,饮最烈的酒、艹最爱的人,,
"开车去市里小区，路比较窄    割,前面有个骑车的男的，我打了个喇叭他骂道，找死啊吓老子一跳！     一会前面又一个骑车的，我没打喇叭直接超过去，他骂道，找死啊不知道打喇叭！      我去你个女马 的B，老子想当个老司机就这么难么？",三七二十八。,,
我姥姥87岁了，是党员，有点觉悟能明白些事，这是背景。她亲妹妹信地下基督教，有次去找我姥姥劝她入教，还带去了五块钱一包的茶叶，说是积德行善信奉上帝，以后死了能去天堂。我姥姥说，她信中国的天地神，不信那些，结果吵起来了，她妹妹最后生气的走了。把茶叶也拿走了，你说不同的宗教信仰能胜过亲情吗？,感情与日俱增,,
拿了三张澡票屁颠屁颠叫人一起去洗澡。搓个背搓澡师傅的澡巾被糊住了四次，好尴尬[尴尬] 。赶紧穿穿出来结账，才发现澡票过期了。,全能打桩机,,
最近感冒了！……不割了～鼻涕多，晚上坐被窝，往床下醒鼻涕，tmd甩到拖鞋里了。然后用纸擦掉，早知用纸醒鼻涕了～丢人，在宿舍里。,为何看朕名字,,
虽然越来越没有年味，过年也要回家，听听父母的唠叨，尝尝父母的手工面，见见家里儿时的伙伴和亲人！心在哪里，哪里就是家,逍遥右,,
2017/咩有钱没有对象。但是你有七大姑八大姨啊,你说我说听说,,
"晚上终于约到女神贝贝一起撸串，看着满桌的竹签子，我很担心五百块钱够不够结账，幸好贝贝和老板挺熟，优惠了我八十元，揣着兜里仅剩的五十元钱，遗憾的只能请女神网吧通宵了，，，,小巷的尽头就是网吧，我站在门口叫她快进来，没想到她竟然捡石子扔我，我捂着疼痛的咪咪恍然大悟，她三十磅的胸，无法穿过这个狭窄的小巷，，，，,一双隐形的翅膀",养驹日日日渐长,,
今天去参加一婚礼，本来大家有说有笑挺好的，但在牧师宣读那个你愿意吗，男的该回答我愿意的时候，坐在后排的50多个男的一起说道“我们都和她 约 过 炮，你还愿意吗！”全场一片寂静，女的脸上大写的尴尬，男的脸都绿了，新郎经过思考最终还是点了点 头，后排那50多个男的又一起说道，“我们一起跟她约的，你还愿意吗？”。。。。。我自己想想都硬了看到这一幕 我不禁陷入了沉思 为什么我不是那些男的中的一员,饮最烈的酒、艹最爱的人,,
是不是古代人都是实诚人！都这样了还不然！给锁了好几十年！眼尖的你看到了吗,为什么心那么痛,,
就刚刚，说把退烧药吃了，平常泡玫瑰习惯了，我滋溜把药扔水杯里，接上开水，让它泡，要不是现在温度上去了，我真以为我已经吃了药了，，，，,取个昵称真累,,
遇到人生中最最尴尬的事了，昨天去娶亲我当伴郎团，结果伴娘团里有个去年玩的妹纸在里面……,欧阳家大公子,,
今天在楼梯上摔了一跤(此为前提)晚上老公下班回家女儿说“粑粑，你都不知道关心一下mama，妈妈把你生出来养这么大有什么用？明天把你卖掉重新换个爸爸”！！！！,本宫当你是条狗,,
"家有女宝八个月，那天老公在宝宝头上闻了闻，突然冒出一句“臭小子”，表示不理解，问他啥意思，他说宝宝头上实在味太大，受不鸟。,呵呵，你妈不让给她洗澡，还怪我咯",幼儿园到底有啥用,,
恭喜李天王喜得贵子！李靖一声叹息：唉…三年六个月啊！你们知道我是怎么过的么？ 李靖一时沉默后暗暗又说了句：手都能托塔了……,一笑寒,,
当你二十三四五岁过年期间时候 。就算遇到同小区的异性老同学，千万不要一起进小区。说多了都是泪，今天昨晚被各种逼问，说多了都是泪，今早一觉睡醒早餐没叫起床吃，上午出去浪了一圈回家无法他们吃了，晚饭居然都没做说在外面吃了。不多说了。这么冷的天容我下去买个泡面。快饿死了。我真是清白的呀。,白月初i,,
#情感文字匠#有一些人活在记忆里，刻骨铭心；有一些人活在身边，却很遥远。这个世界很大，即使是擦肩而过的陌生人，相遇时也飘散着淡淡的缘，所以，缘来是你，我惜；缘尽你去，我放。,凉薄人生中,,
"茅坑拉屎篇：因为上火，蹲了厕所半个小时还没出来，好奇的QQ问：“妈妈，你在干嘛？”,我：“拉…屎…。”,QQ问：“还没好啊？”,我努力吐出一句话：“上火啦！还在酝酿。”,QQ关心地说：“屁股很疼吧！[囧]不要怕，QQ在，慢慢来。”,我[发呆]竟然无言已对…可还是没喷出来[偷笑]",卖珍珠-Girl,,
家里有一只拉布拉多，最爱吃微波炉烤红薯，平时都是训练它坐好握手才给吃。割了，今天吃晚饭有红薯，我正在吃，被它闻到了，屁颠颠跑到我跟前，头枕在了我腿上，抬头可怜巴巴的看着我想要红薯吃，我没理，吃到最后一口的时候它着急了，抬起了它的手往我手上放，这是明抢啊！我的狗狗厉害了真的是！结果我看它真的好可怜，就把最后一口给了它！起身准备去拿另外一个红薯时，一不小心把桌上放的老爸的一套茶具碰掉了，我就是想问问，一套普通点的景德镇茶具大概得多少钱？有人知道么？求告知啊,【大东】,,
还是买个充电宝安全点儿。,想把胖香打一顿,,
雾霾是什么我真不知道，这种天看着就舒服,倾城逝无痕,,
恩，还是原来的味道！,卐圐圙卍,,
不知道这是一个什么样的店？,DZL兵哥哥,,
过年回家想做火车，头一次坐火车没经验，问朋友需要注意什么，朋友让我先买上票再问他，直到现在我还在抢票,我要上天，,,
春节又来到了！猴年春晚没有六小龄童，大家议论纷纷被骂成狗。2017鸡年……导演该让哪些个女明星上场？,手指上的情感±,,
儿子问我:妈妈，你知道毒死你个王八犊子用英语怎么说吗？我:不知道。儿子:伟呕卡门土北京。,特么想个昵称好难,,
2016年，老婆一方面作为吃货的杰出代表，一方面在不遗余力地推行着她的完美减肥计划。随着17年的日历翻开崭新一页，老婆16年的减肥计划也已尘埃落定:相比15年，减肥负8公斤。我获悉这一最新消息，淡定地对老婆说:“恭喜老婆减肥取得丰硕成果。”老婆听了，从里屋拿出了业已磨损严重的搓衣板……,可以淡泊不可淡薄,,
"A:你有《时间简史》吗？,B:我特么有时间也不捡屎。,A:你有《空间简史》吗？,B:有空捡捡屎。。你特么有病吧",浪人，，，，,,
"愿在2017年,沉迷挣钱 日渐消瘦,既能脱单 又能暴富",可可夏*,,
大妈帮我签个名吧！,來壹個82年的あ亼,,
"我们这代人做了父母是怎样的场景，光是想想都要笑出声！,1、我给他申请了一个qq，现在已经是一个太阳两个月亮了。,2、老公已经成功教会儿子玩反恐了！！,3、儿子：妈！！饿了！！ 我：乖乖！这波团完了就做饭！！很快憋吵吵！ 儿子：(๑˙ー˙๑),4、看到漂亮姐姐就让他上去抱大腿，一边蹭一边说“姐姐姐姐抱抱我，姐姐姐姐亲亲我”然后闪小星星~完美！,5、我还不得天天和孩纸抢吃的。,6、儿子过来电脑面前说，妈妈别玩游戏了吃饭了2333。,7、惹到我了话，先暴打一顿再说！这样才能体会到，当家长有多过瘾！,8...,查看全文",颜卿卿,,
这服务，太到位了,翻滚吧！蜗牛,,
今天刚一出门就看见一只狗。这时忽然间想起了被丢了的一只取明叫‘宝气’的狗了，我们一起生活一年多，十分可爱。唉！可惜了？,跳蚤～TooZz8,,
快跑啊，打针了,123宝贝123,,
人在没有得到一样东西之前，总是渴望拥有，但从来不会珍惜现在拥有的…………现在好饿啊……算了，忍着不吃，当减肥,嚒嚒么么,,
说说那些永远舍不得删除的短信。,咪兔mitoo,,
"解决父母问题:,1，爸爸投入微信颇深，与网友深聊无法自拔，对家，对妻子，对儿子，没有概念，,2，明明是在做错事情，自己还什么都懂，还认为男人出轨很正常，旁敲侧击都不管用。,3，当着妈妈的面和网友大秀恩爱，妈妈看不惯与之争吵，爸爸还强势不讲理，吵过后还玩，完全不知道悔改。,作为一个儿子应该怎样解决这个问题。",皇家无敌小蜗牛,,
晚上一个人逛街途中上公共厕所，匆匆而去。蹲了半天腿麻，准备擦屁股。尼玛忘带纸了，然后在便纸篓翻翻找找。找几张看起来还能折两次的，然后洗手三遍。,,,
我表姐给我妈买了一件银灰色的长大衣  我妈穿起来看起来不太好看   我表姐本想安慰我妈说是她衣服买的不好看   我手痒就拿来穿上了  结果我穿起来很好看就是有点小  剩下我表姐在那凌乱了  我真想跟我表姐说我真不是故意的,何友Q,,
"语文=YW=要完,数学=SX=伤心,英语=YY=阴影,物理=WL=完了,化学=HX=寒心,历史=LS=劣势,地理=DL=低了,生物=SW=失望,政治=ZZ=智障,好像有点道理",浪人，，，，,,
早上买了个雪糕，前年产的，心也是难过的！,穿裤头去打醋,,
"每次听到一首歌。“孩子唱:爸爸我们要去哪里呀?。。。。大人唱:宝贝，我是你的大叔。。。。""时就在想，这孩子和大人到底什么关系?",守龛人,,
女儿很调皮，每次惹我生气老公就在一边教育她“你看把你妈气的，看把我老婆气的”。女儿在一边委屈的不得了……每当这个时候我就会冲出去把老公k一顿，滚一边去。我生的娃你凭什么教育？,家平人安、、,,
"“亲爱的，我是不是你的宝贝啊？”,“是”,“那你怎么不宝贝宝贝我呢？”,“…………”,“宝贝宝贝我好不好？”,“好”,“你打算怎么宝贝宝贝我？”,“今晚给你我的宝贝”,“……”,“用我的宝贝来宝贝宝贝你”",终归淡然,,
弱弱的问一下，是每个糗友都有审贴权利吗，害我激动好半天，以为风水轮流转，今天到我家，审了一下午没敢退出，生怕一退出就不让我审啦，谁知道无意中按了返回键发现上面有个审，点进去之后还可以审贴。,安静的不成样子,,
赌神在心中，必胜！,鹰飞天低,,
直到今天下班前，我都怀疑糗百里说的放屁能把翔崩出来这回事。今天集团开高管会，我坐董事长边上。轮到我发言，没说两句，肚子里一股真气上窜下跳，没忍住，来了一串花样男高音，整个会议室都不安分了。顿感菊花一热，萝卜味在会议室中逐渐散开。余光扫描到董事长脸上略微抽搐。赶紧解释这两天出差在外水土不服刚回来。肚子有紧急情况，需要去下洗手间，让其他同事先汇报。浪费了我一条CK的内胎。这不，现在还跪在遥控器上跟老婆解释出趟差，内裤没了的来龙去脉。关键是跪遥控器，换个台，打一下受不了。,没钱就是糗事,,
阿迪推出了五款麻将幺鸡运动鞋，借此带出农历鸡年主题。讲真，穿上这鞋，脚踩筒条万，足蹬中发白，打麻将尽在掌握，不赢才怪。缺了幺鸡，直接从鞋上扯下来就能用，实用。,颜卿卿,,
我的天，我妈今天在自家门口摔倒了，爬不起来，四五个人路过没有一个扶她起来的，真特么气！！还好邻居大妈看到找人一起来把我妈扶进屋，不然真不知道会怎么样。各位审，麻烦给过，让大家看看，真的能搭把手的时候，请伸出援手，不要那么冷漠，谢谢了,两条大毛腿,,
不想发在朋友圈，只能在这里发发牢骚了，这不马上到出外打工的漂泊一族回家过年了，我们开车回老家 反正车也空带上一亲戚一家回去也没什么问题，买车本来当然是方便自己先，他请不到假 我说可以帮忙先带俩小孩回头，他却死要我等他放假，再后我说真的等不了，这不亲戚都做不成了…还说小孩也不用帮忙带了，感觉做人真难,炖小鸡仔,,
老实人等个玩累了的小姐姐让我接盘，你怀孕了也没关系呀，我是老实人不介意的。 答应我。 好好生活，不要再流离失所。快过年了。老实人也想早点接到盘回家过年。,zrey,,
早上起床发现女朋友漏气了，难道是我昨晚太用力了  求大神教我个补漏气的方法，在线等 挺急的,121怪蜀黍,,
老司机说:你知道旱路走起来什么感觉么？你看看旱字怎么写！,,,
刚刚让宝宝看别人家的小宝宝 我说你看 这是姨姨家的小宝宝 （小妹妹） 漂亮吧？他看着连忙点头 嗯嗯。我随后说 麻麻也给你生个这么漂亮的小妹妹吧 他说 哎呀 不要了嘛/我说长得像麻麻一样漂亮 好吗？ 只见他把额头一拍 趴在了床上一动不动............我 /喷血/喷血/喷血/喷血/喷血/喷血/喷血/喷血/喷血/喷血/喷血/喷血/喷血/喷血/喷血/喷血/喷血/喷血,慕尛沫、,,
刚刚女神问我个问题 说：小明家里放了四只羊 分别叫 A羊 B羊 C羊  D羊 一天小明放羊回来死了一只 ACD都在请问那只羊死了 我一怒之下说当我傻逼吗？ 逗我玩？这过了一会女神把我拉黑了 她为什么要拉黑我 等等好像哪里不对,夯昆等于弓虽女干巭孬嫑夯昆嫑,,
减肥就真的那么难吗？管住嘴就真的那么难吗？螃蟹大虾猪蹄子酱肘子披萨肉饺子…你爸妈省吃俭用，你肥的像头*还天天喊着减肥好难！,搜傅月婚恋学堂,,
什么也不想说：经典的一句话,红尘、炼心,,
我看到个说推荐屏保的，我这儿也有一张，自己照的自己感觉还可以！并且做了手机屏保，喷子轻轻喷啊！,路太难,,
我不允许我的男人，跟别的女人没事搭讪！同意的给过,相逢的岁月,,
当初跟你在一起是奔着结婚去的，当我知道你还有另一个亲爱的他之后这种想法就改变了，该逛街逛街，该买东西买东西，然后可劲可劲操你，能多草一次就草一次，玩玩而已何必当真呢,,,
本人非常丑、丑到什么程度呢、有一次半夜路过一遍墓地、愣是听到周围哭声一片、忄,裤裆有货不信你摸,,
元月3日在泰国普吉岛海边随手拍的，中国美女，有没有很美?(不认识，算是偷拍吧)本人是不是有做摄影师的潜力过了的话还有，我会继续发,漠北苍狼王,,
都不能好好的做朋友，天天勾心斗角你真的不累吗？我还是安静的做我的傻子吧，看着你演戏，,~源仔~,,
昨天打游戏遇到一个叫嫑昆嫑咬的  我不认识嫑字，就一直喊那个咬，他说你能不能喊全名  不然我都不知道你在叫什么咬   然后我就自以为很聪明的叫了  不要日比  不要口。。。念到这我才反应过来，立马停了，然后那一群队友在起哄  怎么不念了  接着啊。。。。。然后我就不敢吭声了  也是醉了,姐有逗比范xull,,
黑哥，你瞅啥？,张鸿明,,
"深圳的暴风雨有多大，台风多危险，一个专业人士说：“只需要一句话就让你深刻理解”，追问哪句话这么厉害？,答曰：“就连—华为公司都通知放假了！”",zrey,,
小时候喜欢玩火柴，一天我爸在干活烟火柴放一边，我闲着拿来玩，把一根火柴插烟杆里，这时他叫我拿根烟给他，点上深吸一口，突然间“唰”一声，跳起来，随手拿起棍子，追着我喊“兔崽子，别跑，玩火把你老子的眉毛给烧了”,撒哇地拉,,
2016年总结：成绩不突出 、工资不突出，腰间盘突出！,湘太公钓鱼,,
昨天真的是丢脸到家了！快递哥送快递给我我既然以为他在和别人说话不吊人家。我还在想不可能认识我。原来真的是给我的快递。我写的朋友名字怎么会知道是我的呢？想不通。害人家摔了一下因为这边在修路。好吧是我太自恋了以为人家在关注我。或许是购物太多了,我不是影影,,
看出来了吗？,大卫麻麻,,
这个值钱不？,戒不掉da烟丶,,
刚刚跟男朋友在一起的一年，ml次数数起来十指都用不完。分开一年后实在不舍得重新在一起三年，ml次数数起来五个手指用不完。男朋友那里正常，我问他是不是不爱我，但他说他非常爱我。我也能确认他没有劈腿，但他是不是不爱我？,苦苦k,,
"咯咯咯 -------是这样？,媳妇和岳母带着孩子回去了，自己一个人在家。因为平时各种事儿，媳妇还懒，啥都让你代劳，今天以为能早点睡，没想到单位的事到9:00弄完了，客户来拿机器11点弄完，回到家洗好的沙发套子还没装好。装好把身上的衣服顺便洗了，洗漱完等洗衣机走完程序，弄完肚子饿了，又喝了点醪糟。这点躺床上准备睡觉，一看时间：12:50！还不如她们在家呢……",wshats886,,
今天看了电影湄公河行动，真扯蛋，几个小警察居然跑到人家老窝去抓人，这个时候不是要特种兵去吗？再不然也要特警上啊！狗过地雷阵还他娘的炸不死，还真是神犬呀！接应的直升机好歹弄个武装直升机呀！,有事托梦，，，,,
"说个很多年前的事，有点长，各位耐心看完，话说是不是鬼都欺软怕硬？以前我一同学在一起玩得很好，衣服经常换着穿，后来我嫁到老公那去也没联系了（那时电话不是这么多）过了三四年听我爸说她自杀了死了有两年了，真奇怪从我爸跟我说过后我经常梦见她找我要她的白裤子，（跟她换的一条白裤子还在我家）梦里我知道她死了，我就怕，一直很害怕，让她别烦我，就这样过了有半年左右，反正这半年就是经常梦见她，折磨得我睡不好，后来又一次梦见她又还是要那条白裤子，我想啊不行啊我不能怕她越怕她越来折磨我，那次我就跟她打起来了，打得可凶...,查看全文",恋上这里,,
真的是太有爱了,彬彬没蜡笔,,
今天和老爸骑三轮去买菜，我爸坐后边嫌冷，戴帽子围着围巾。 市场上有个卖牛杂的。挺便宜，多买了些。 卖肉大哥特别热情，走时扶着我爸上车“大爷慢点，这么大岁数了，当心别晃着”我爸“大爷没事，大爷给你蹦一个”然后跳车上了……,简简单单做拉面,,
今天去公共厕所上厕所，推开门看到这个图，我觉得人生真的像拉屎。,封爱の等你,,
"各位糗友，想问问大家，我170cm，120斤，有名牌车，长得不帅，也不会丑到吓人，今天在街上看到一套红色的西装和黑色的西装，都还挺贵的，但是很好看，我就想问问大家。,像我这样的条件，到底适合哪套西装和我的凤凰牌自行车比较配？！急！！！！",李诗意,,
说个一年前的事   女儿的尿不湿  放在姨妈巾旁边的      有一天女儿（一岁多了）尿裤子了  叫她自己去拿尿不湿 结果拿了姨妈巾到门口来    关键是我是在大门口啊  更更可唔的是  那时有几个邻居来门口聊天 而且还有男的  ﹉﹉﹉﹉,青青青青柠檬,,
在国外看到的警示标语，居然用中文写的！,第六生活区,,
不要有 太多的欲望，就会有一双发现眼前幸福的慧眼,风中的新疆人,,
这才是大家心目中的男神和女神……,去疯去浪嗨皮,,
昨天看电视明星真人秀节目，那些明星在玩立定跳远，以前上学时候差点就参加比赛，于是乎我在家也试试看能跳多远，呼呼，一二一，啪叽，摔倒了手机摔出来了，膝盖也摔破了，真是不做就不会死,假扮的淑女,,
三年级数学题我居然不会，我感觉我的智商受到了侮辱。 一堆苹果，5个5个地数余3个，7个7个地数也余3个。这堆苹果至少多少个？,饮最烈的酒、艹最爱的人,,
神预言有木有,隔壁老王孪生弟弟,,
至少五个字,倭鍾噫尼,,
去年和男盆友认识的时候，是冬天，穿了一条一斤棉花的棉裤，外面还穿了一条加绒的皮裤。那个时候我身高170公分，一百六十多斤。今天男盆友出差去哈尔滨，我去送站。遇到了他的同事，他同事和他说:哎呦喂，艳福不浅啊，这一年的时间还不到，又换了一个啊？不是上次那个胖妞了。我弱弱的回了一句，上次的那个也是我，只不过现在瘦下来了，买了车，不用再穿那么厚了……男盆友的同事一脸的懵逼……,,,
"跑友经典对话：,昆？,帘。,哦？,否。",潇禾酒剑,,
经常见到有妹子说什么兵哥哥的楼主只想说，你见到的大多数都是一群十八九岁的孩子，人家比你小的多好吧。看起来老是因为练的多了，风吹日晒的。朋友入伍17周岁，才一年过去，现在看起来和二十三四了一样。我们这有句话叫，两年兵，三年寿。意思就是当了两年兵，少了三年寿，二十岁看起来二十四五的很正常。所以说，妹子们还是别给自己找安慰了，兵哥哥小的见到都要叫你阿姨了老了就老了，别装嫩了。,,,
"别看了,说的就是你",我了个去@#,,
本人由于嫁外地，要离婚的原因，很多衣服，鞋子都不方便带走，都有八九成新，希望能够邮寄给需要的人！衣服大部分M号，少部分小号！鞋子37码，希望能够通过,梅子278,,
2016年的十月一绝对是我一生中最难忘的一个了！被分手！被他妈妈分手！说彩礼太多娶不起媳妇了！不娶了！他前面还说着离婚还有复婚的呢，老人让咱吵，咱后脚儿就接着好着！可特么现在呢！说了以后就没主动说过一句话，我一次次的主动，换来的是割心般的痛！每每想起就会不禁的流泪，恨自己不成熟，也更恨他的无情与懦弱！,,,
熬夜复习的感想是，我可能在复习了假书的情况下，做了假老师从小卖部买的假卷子。。。,小乌龟wy,,
"到朋友新开理发店找他，看他很忙，遂过去帮忙。遇一男的，上来就对我说：要不加钱的那种洗头。看他刚跟朋友打招呼，应该也是朋友的朋友，就有点鄙视他。但也没说什么继续洗头。,没想到，在我低头的瞬间，他竟然把手伸向我胸口。我反应迅速地抓住他的手，往后一扭，再一个过肩摔，整个店都是他杀猪般的惨叫声。,想对姐姐我耍流氓，也不先掂量掂量下自个…,骑着黄瓜闯天下",某年某月：,,
记得那是快结婚时候的事情了，我和老婆去置办结婚物品，在一个农贸市场里突然来了尿急，本人匆匆忙忙找了个公厕，到门口一看黑灯瞎火的，低头一瞅，嘿嘿前面有个木板，抬脚踩下去，悲催啊原来是个悬浮物，一脚到了膝盖！回来走在大街上，回头率刚刚的。老婆离我够五米远，捂着嘴装不认识我！尼玛的！,金鲤化龙,,
"想起初中的时候，一个星期一次大清洁，一个班负责一个区域。我走去倒垃圾的时候，看到一个男生用数学老师讲课用的大三角尺挑着一条红色内裤，一晃一晃的走去垃圾场。在那个男生后面站着一个男老师，在那里气急败坏的叫骂，脏话什么的都骂出来了。,反正不是我班主任，奈何不了我，我就一边看一边笑。,看到那个男生突然一转身，把那条内裤，举到那个老师的脸前的时候。,我就在那里哈哈大笑。那个老师快要气死了，脸都“登登登”的涨红了，颜色都快比的上那条内裤了。,内裤在老师的脸前，老师眼睛超恐怖得瞪着我，吓得我一边笑一边跑了。...,查看全文",猫喵咪啊,,
刚一进公司，老板就摇了摇头叹气的看了我一眼：明天，你不用来上班了。我惊恐万分，心里迅速的想着今天是不是哪里做错了，难道说是因为我左腿先进的门？也不对啊，因为我是倒立着走进公司的啊！现在我在回家的路上发段子，唉到底因为啥呢！,效率啊,,
最后一句，哈哈哈,帅哥，你有男票么,,
你们都在同一桌吧,葸葸莫属,,
对号入座。。。,丿初心,,
我是一名厨师，背景割……你们俩好好活着，等哥有钱了，一定来吃你俩  888元／KG,八。。。。怪,,
想吃火锅一摸口袋没钱，只能画个，穷惯了，只能写点便宜的。,三国霸主,,
发图说全部添加符号正确的人是清华北大的水平。我特么怎么感觉不到呢？过来我们谈谈！,撸破乾坤,,
下班回家看到她在做饭，吓的我立马把电饭煲电源关了，这多浪费电啊！,公与之乘,,
考科三时候教练默默的在他儿媳妇车前帮忙清理路障，结果挂了。这姑娘就跟我们抱怨“有个傻X教练2次把车开我前面，害我不敢开半路熄火了，有病啊”等等很多脏话，结果就听教练在旁边默默的说到“那傻X教练就是我”，无奈啊！！！,0℃凉白开,,
不想对谁诉说，不想和朋友说，无知己！不想和父母说，只为不让他们操心！,一。一1,,
问我在哪，难道我说在外面，你们会出来找我？在逛街难道你们过来买单？没吃饭？你们会送过来给我吃？没回家？你们会送我回家？如果不会，那就不要问了！我笑晕好不好……,Mei、L,,
望着屏幕上因为激动而梨花带雨的美人儿，望着那满屏弹幕的：土豪！666！他笑了笑，随手又扔出了许多礼物，他骑着赤兔马，他头顶帝王星。肚子突然一阵咕噜，他打了一个响指：网管，今天的泡面加俩蛋，小爷高兴！,要多长就有多长！,,
"看到发张美女图,也不知道是从如找到的.,加上什么 几个字,打动我,就找你之类的话.,下面一群发情的种马,在那拱啊.,我特么就不由得感慨,女人真是抢手货啊.,光棍真特么多啊.",,,
2008年12月10日，刚刚完成STS-126任务的奋进号航天飞机，被一架波音747驮在背上，运回肯尼迪航天中心的途中飞越莫哈韦沙漠的场景。如今，奋进号在美国洛杉矶的加州科学中心作永久展示。……@,绦子,,
"看了十来分钟封神传奇…那些没给打零分的，你站出来…,------把--你--割---了--------------,多好的题材，被导演毁了…,多好的姜尚，被老顽童毁了…,多好的突击队，被甲壳虫毁了…,多好的范冰冰，被尾巴毁了…,多好的青铜器，被不锈钢毁了…,多好的……，都被毁了…,最佳的表演，居然是申公豹骑的那只，狗头熊身牛屁股还叫豹的神兽！",低调盆友,,
承让。。。,喂你一坨糗百,,
很有道理样子,翠松山王不凡,,
大狗：看什么看，又不带我小崽子回家，哼！,拉布拉多的哆哆,,
坐动车或火车，本来想拉个屎的，让车一顿抖，特么屎意全无，有没有有同感的……还是高铁平稳……,吃货-_-!,,
长这么大还没穿过情侣装的请举手,帅哥，你有男票么,,
老子今年28了，有儿有女了可是老爹经常喝多，喝多后就耍就闹，这不现在喝多了我妈正在和他吵架，从年轻到现在五十多岁的人了，有时候想想不是为了俩孩子我真想去另一个世界，人其实活的挺累的，我真的不知道我爹是怎么想的……,大爷和大娘,,
谁有同样经历 站出来,戰vs晓星,,
二货老婆的杰作 也在没谁了！,煜凯,,
这水果味道不错就是肉太少了,正在加載……,,
曾经我以为下半辈子我活着是为报复你，从什么时候起我觉得报复一个人就是过得比和你一起的时候更好，那样才是对你最好的报复,有情所累此生,,
"问一老汉“大叔你这辈子最开心的事是啥”，老汉满脸羞涩答曰“记得小时候，隔壁老王家羊丢了，后来我和村里几个小伙伴在一山洞找到，发现是母的然后几个人就给轮❌了，后来隔壁家新媳妇走丢了”,。又问“那你最悲伤的故事是什么呢？”，老汉眼含泪水的说“这辈子没什么过于悲伤的事，只是有一次我走丢了……”",徊憶說讓涐莣ㄋ伱,,
今天无意间看了两集《孤芳不自赏》，晋王后说了一句“镇北王真是黔驴技穷了”，一查才发现，《黔之驴》是唐朝柳宗元写的，在晋朝三四个朝代以后了……想想王后真是厉害呀，把后代发生的事都知道了～只为博君一笑，喷子绕道，要不然朕赏你一鞭,竹叶知风,,
半夜睡醒了！然后发表个动态睡不着啊！失眠了啊！无聊啊！各种感慨！你们见过这样的人吗？,刚刚好你好,,
今早我伯母说牙龈痛，叫我带她去医院打针，医生的意思问我伯母今年多少岁了，应不应该打针，问了她今年多少岁了。伯母说我老就不会老今年才79岁。旁边的人都笑了,YR林,,
今天去朋友家刚敲开门……喵……一只波斯猫扭了扭屁股，幽深的蓝色眸子扫了我一眼，便提着它高贵的猫步从我身边走过，嗖…的一下从门缝儿里跑了出去。他的主人可着楼道里这个追呀！唉！什么漂亮了都不省心……,kangruijun,,
诺基亚6出来了，这才是友友最关心的吧！致Nokia.,大乌賊。,,
毕业几年到如今一事无成一无所有，每天被女朋友吐槽没本事，在一起几年重来没有过ml，够糗么,,,
这么久了我依旧未能放下你！,坐的大神,,
男生开房有没有这样过……第一次……就发现宾馆床单太磨膝盖了,,,
注孤生系列,丑萌丑萌的兔牙妹,,
"我和我女朋友一开始脾气不大   最后脾气越来越大了  背景交代完毕,我和我女朋友认识三年了 一开始时说话都很淑女的  渐渐的我发现她慢慢的有了脾气  而且时不时的因为一些小事而发火  这我都忍了 现在弄不好一天发一次火  我就按照糗友们说的  媳妇儿发次火就啪啪啪一次 下次保证不会轻易的发火了,然而事实却不是这样子  现在的我女朋友成了一天发次火的变成了一天两个小时发次火  而且一次比一次厉害  我现在都不知道怎么办了  不要问我为什么现在有时间发糗事  我不会告诉你们我在网吧呆了两天了...,查看全文,bitsoo",谁比我会打飞机,,
看到有人怀念天龙八部，我也来，哭过笑过，失去的青春,你爱吃马赛克吗,,
美丽的山花,红兰绿,,
哎……年底了，懂得人肯定让我过，请容我叹口气…,…情深缘浅…,,
总有一些事是我们不愿望去想起不愿回忆的，但是不管你愿不愿意，它就在那里………                                                                   然而有时回忆起来，就会觉得它是那么的尴尬又是那么的美好，可能这就是青春吧！,言若-言,,
"我也被这张照片温暖了,2017，希望你喜欢黏着的那个人，永远都不嫌你烦.   其实女人的幸福很简单，一个温暖的怀抱，一个可靠的肩膀，一个把你当宝贝的人，一个赚钱舍得给你花的人，要的就是一份踏实和信任！我不希望你条件有多好，只希望可以做彼此的唯一",“糗名昭著”丫丫,,
说一记者去一男子监狱采访，问某彪形大汉每天都做什么，答曰吃饭睡觉抱小郭德纲，再问了几人同样的回复，吃饭睡觉抱小郭德纲。接着记者看到角落里蜷缩着一个很可爱很可爱的小男孩，情不自禁地想让人抱抱，于是问他：你一定是小郭德纲吧？小男孩弱弱地回答：不，我是小郭。,安静的鸡蛋柿子面,,
感觉这是一个不错的注意,翻滚吧！蜗牛,,
心里特难受，求不喷！！！和老公吵架分床睡三天没说话了，细节就不多说了是他的错，不是我认为是他的错，本来就是他有错在先的，实在找不到倾诉对象，只有在大糗百抱怨一下了，这么多天了他一点认错的态度都没有，好桑心，蓝瘦香菇，感觉都没什么意义了！！！,尼古丁爱人,,
看懂的都是老司机,喝辣汤撒了一裤裆,,
谢谢大神给通过，这是后续,漠北苍狼王,,
一家四口了莫名幸福,安然观天下,,
蛮好食的山果,红兰绿,,
因为亲爹习性凶猛，就玩儿命的作、不让爹睡觉，一连几天，爹的野性被消磨。这是新生儿训练亲爹的主要方法之一，俗称“熬爹”，用老北京话也叫“熬大爹”。,zrey,,
数钱过年了    可       可是   不是我的都要上交,青青青青柠檬,,
k1379北京到郑州13车3下，晚上十点半到早上六点半，隔壁一个估计有个几岁的小姑娘，折腾啦一晚上，她奶奶也累的够呛，不过觉得她奶奶教育方式有问题。。。哎，以后年轻人还是自己带孩子吧，否则老人受不了，孩子没教育好，关键是我一宿没睡好。。。。好困，回家继续睡！！,马背天下,,
哥们儿？姐们儿?,,,
本人银行小主管，今天检查年终总结报告，看到一同事的年终总结这样写到：经过这一年的努力，我终于能把领带从正方形打成三角形，我觉得我进步很大！慕名戳中笑点,二逼青年不二逼～,,
这个垃圾桶好看吗,一个酷森森,,
我说送快递的总会遇到这种稀奇古怪的事情，你信不？,穿越天堂的猫,,
今夜无眠，做了两个重大的决定，离婚，辞职！,一。一1,,
上课的时候拉屎拉在裤子上了，然后顺着裤腿滚了下来。全班都知道我最近有点上,瘦身小能手,,
口渴起来喝水，无聊对着镜子玩石头剪刀布，一直平局也挺没意思，便打算上床睡觉，没想到最后还被我赢了一把，厉害了…搞的老子现在都还没睡着………,湘西赶尸人90,,
前段时间被男友哄着帮他口了，我恶作剧的嘟起嘴要亲他，开始他没反应过来，大概在想我怎么会主动亲他，等反应过来时他就笑想躲开我，没躲过然后我趁机往他嘴里重重的呸了一口，（让他自己也尝尝，哼哼）然后他直接把我推开，半天没理我， 我不知道男的是不是都喜欢要女友帮口，我只是觉得己所不欲勿施于人，让他也感同身受，以后就不会提这么无理的要求了。,,,
有个特别爱打游戏的男朋友是什么体验、 大晚上想睡觉了、还在打着、都别拉着我、我想去找把刀,A、凌薇,,
我在炒菜，锅里水开了分不开身就对老公说，你去下条去，水开了。结果老公来了句，那鸡会下蛋，我哪会下条啊！这不为难我么！我。。。。,诶呦╮(╯▽╰)╭我去,,
工资6000，现在在安徽芜湖，有看上的没？想找个女朋友,你那么傻,,
去吃饭居然说我抠 美食大品牌，全国连锁店，你们给我评评理！,VIP怡红院,,
"盆友圈真是个神奇的地方，,滴血认亲新get",怠惰の许阿姨~,,
造娃子去，可不能熏黄了,(≧▽≦)小娜子,,
看到厕所塞放泥鳅冲开水的，就想起初中时刚来大姨妈，量大总侧漏。裤子脏了想着用热水洗容易洗干净。那味道～～那酸爽,花前一笑,,
请尊重一下广州的天气，不要随便穿一件短T就在外面乱跑，毕竟是冬天,Howe灬,,
"由于上一个关于结婚的糗事通过了，这次再说一个婚礼上的事儿，当时我和老公都在台上快要到新郎新娘交换戒指的环节的时候，老公突然想起他的戒指还在他的钱包里，我赶紧喊台下老公的好友去他钱包里找一下戒指，那货贼快的去拿戒指了，然后从台下递过来了，这个时候我就说为啥只有你的，我的呢？？？老公说，你的不是你自己拿着的？我了个天，明明那天买了戒指就说到结婚那天一起都归你拿的，结果我的二货老公说，啊好像在车的后备箱里的，而车钥匙在哪儿我们谁都不知道！！！老公说，没事儿交换戒指你就带我的吧，反正那么远谁都看不见！到...,查看全文",柚馡艾湘随,,
不是糗事，而是喜事。诺基亚智能手机王者归来，将于本月底春节左右在京东全球首发，现京东已上架只是没货，各位糗友你会考虑买吗,股神股圣股侠,,
人生若只如初见，何事秋风悲画扇。,林羽兰,,
夹的这么紧！,,,
"宿舍的小李打球回来，我对他不客气地说:来得正好，我买了两个苹果，还剩仨，你去吃吧！,小李一脸懵逼地看着我问:您买俩苹果怎么会剩仨？,心好累，跟这种智商的人无法沟通！,虫虫是个好菇孃",依然范特西:,,
快扶老衲上热门,这街道车水马龙々,,
一个急刹车，不小心把小侄女头碰了一大个包，心里那个内疚呀！,一根负债累累的枪,,
这个点睡不着，原来是想家了，想我那慈祥的妈妈，更想我那在天上的爸爸，哎！一百多公里的路程，我竟然一年都没回去，想想真觉得自己很失败！,遇见认真的你,,
最近微信约妹。聊一少妇，聊了一周还没见面。那天说过年了没钱，现在借钱很难，她马上让我给她账号，发过去2分钟，短信提示收到10000元。说实话挺感动，不能负，比那些听见借钱就关机的狐朋狗友重情义。,独留幸福守空城,,
一个人，两张床，糗不糗？,呵呵求糗,,
想知道你们男生都是从那里找到资源的，为什么女生就找不到，来个老司机带带我,战争女神雅典娜,,
乔帮主再死一遍,慕容咯哩,,
早上一睡醒～在lol老婆跟发疯了一样～在我背后挑逗我，各种淫荡。为了这波团我忍了，可是他居然弹我的蛋蛋，忍不了按在床上脱下他的裤子。果断的弹了他一下蛋蛋扯平！卧槽当我好欺负的！,楓葉～,,
太深奥了，看不懂，,翻滚吧！蜗牛,,
让我过吧，不然过年老妈又说我不带女婿回家了，高中谈了一个，到现在都没敢谈了！,～凋零,,
每当我怀孕生孩子的时候，老公就不见了！在我需要他的时候，他总是说:不是有我妈在吗，你找她帮你……当我开始上班的时候他就出现了，一天一个电话，嘘寒问暖！这样的男人还要不要留着？,,,
"【关于王者峡谷众人得知诸葛亮登录体验服的消息】,李白:什么？有人要抢我峡谷第一老公的位置？？,李白 击杀 诸葛亮,小乔:什么？那个把我相公气死的人要来了？？而且他也拿着把扇子？？,周瑜:什么？那个气的本嘟嘟吐血而亡的人要来了？？,小乔 击杀 诸葛亮 助攻 周瑜,貂蝉:什么？有人要抢妾身峡谷第一法师的位置？？,吕布:什么？有人要欺负我媳妇？？,赵云:什么？有人要欺负小蝉蝉？？,貂蝉 击杀 诸葛亮 助攻 吕布 赵云,曹操:什么？那个骗了我多少箭的人要来了？？,曹操 击杀 诸葛亮...,查看全文",劳斯莱斯开裆裤,,
不糗，咨询！希望能给过！                            88年浙江上班的云南人。两口子出来打工四年多。。现在有点小积蓄。就想回去自己做点事。没有人脉。也没有熟人带。没有一技之长的，就觉得做点快消品之类的。目前想做童装之类的。。对小辛巴这品牌感觉比较好。。然后就是不知道怎么样去弄！就想问问网友。我们第一部该如何开始。。。。谢谢了！！,,,
"孙悟空问土地公公:俺的金箍棒在哪里？土地公说:大圣，您的金箍棒就棒在很配您的发型。,PS: 下面的配图是初中时喜欢的女孩，最近又碰上了 喜欢是真喜欢 只是觉得自己配不上",,,
说是在骂我？原谅我看不懂…,SUN了个晒喔,,
我有一个特别节俭的朋友李朋，昨天我去他家，看见他正在洗凉水澡，我就问，啥事想不开啊这天还凉水洗澡，他次哈的说道，我发现家里还有两片感冒片再不吃就过期了。,霸气ξ小伙,,
"首先声明这不是糗事,我和我的舍友一直相处不好，他们总会因为我打呼而弄我，我反应给老师，老师也只是批评教育，没什么作用，我已经被折磨了一个学期了，实在忍不了了，想问一下，有什么办法可以弄死他们而且没有痕迹？,想和我去小树林吗",,,
"我们公司开完年会，下半场几个同事相约去按摩,我第一次去，小姐端上茶来,顺便拿了2个果冻来,她出去以后，我把茶喝了果冻也吃了,后来才知道果冻的作用,不说了，朋友买了一斤给我吃",Gkari,,
"我的高中诡异欢乐小事第四发。。。,背课文事件（1）,上回的事件后续，我看评论才想起是荷塘月色，老师教完就留作业了，背诵课文，好几个自然段呀！！要人命啊！！有木有！！！我是住宿人员，有更多的时间学习，写完所有的作业，就开始背课文了，那时候是晚自习，天已经很黑了，我坐在靠门的一个位置，我当时特别专心的默背着课文，忽然我旁边的同学拍我，我疑惑的看着她，她指了指门，我就看向了门，我清晰的看见门窗户外面的人脸，煞白的脸红色的嘴唇棕红色的头发以及明亮反光的眼睛，看见我还咧嘴笑了笑露出洁白整齐的牙齿，当时把我...,查看全文",流明月,,
弱弱的问一句，你们四岁时候在干吗？反正我记得我当时应该是在玩泥巴。。。。。这是我四岁儿子学前班第一学期得的奖状，有没有很厉害的样子，大家鼓掌,,,
"万能的糗友，女朋友的头像是什么意思啊,馒头隰隰",黎明前的拂晓,,
本人略懂一点预测之术，我大概预测到你2017年能挣多少钱，怎么？不信？自己看左下角，那就是你2017年的收入！,零八年就看糗百,,
"如狼似虎的年龄是多大,都说三十如狼四十如虎，你们看我像哪个阶段的？",钕钕人,,
陪我聊会？,切割切割闹,,
好冷呀，这天要是下雪就好了！！！！,哆啦A梦遇到图图,,
那位大神有迅雷可以下载的网站，你懂的,O雷锋他哥雷管O,,
万能的糗友这是什么车？,什么，没有呢称,,
你们体验过一夜不射的滋味么？卧槽！累了就休息一会，休息完接着来，从凌晨00:30到早上七点多，终于特么的射了！,浪的一身野气,,
终于放下了，那可怕的爱情，再也想不起你的脸了，再也不会见到你了。保重,小九久久,,
糗友们，我中了500多万，现在都是好懵啊！完全不相信天上砸馅饼了，还没跟家里人说呢，先来糗事里分享了，评论前十名可以分享我的喜悦，送上个大红包 。,卫dai0687星,,
新人发的段子都不会过吗？,a何正萌,,
"世界上有一个人，一个傻子！彻头彻尾的傻子！视我如珍宝，对我家人胜似自己家人！我却一次一次陷害他于不仁不义中！傻子，我欠你的怎么能还清？赵磊，你就是个傻子！你事事顺从我，有没有想过我做的对不对？我指着太阳说月亮，你也跟着说月亮，别人都说你傻你知道不知道？傻子！你为什么不能纠正我？我错了你知道吗？我做错了很多，我傻你也傻吗？你明明知道我是错的，你却一次次纵容我，你的溺爱害了你自己，你知道吗？傻子，我终究还是对不起你的，你为我做的一切，我都记在心里，别人不知你的情，我都一一偿还，用我的余生，弥补你的傻...,查看全文",淡颜.安然,,
晚上玩风暴英雄，听到媳妇哇一声，过去一看。娃子喝奶全吐床上和抱枕上了，身上和头上都是奶。我当时火气一来，你怎么喂奶的，娃子吐一身。说完，我把媳妇给娃子脱掉的脏衣服，抱枕放到浴盆里，洗衣粉去了。然后媳妇过来说，你不要洗了，明天我来洗，我鸟都不鸟她，继续洗娃子的脏衣服…,精武门陈真,,
小米说：“我出5。魅族说，我出6”苹果说：“我出7。”华为说：“我出8。OPPO，我出9 三星说：等等“我炸！”小米说：要不起，苹果：说等等我也炸华为：要不起。诺基亚：“喂！110吗？这里有人赌钱。”警车：vivo…vivo…vivo…,偶尔也浪荡,,
转的。。。,Death灬荒凉,,
别人一看这图就笑了，求指点。,平常心_-,,
云南人，没人要吗？发了好几次还是单着,宝呗卟弃,,
上海不冷吧,小龙虾虾,,
"朋友圈看到的一道菜,菜名叫“男人靠得住”",可乐鸡翅呐,,
